Black,BlackElo,White,WhiteElo,Date,Event,First Move,Category,Weekday
albertoPlasta,906,KingMateo,971,2019.04.30,Rated Blitz game,d4,Blitz,Tuesday
Luckystriker,1296,G_i_n,1312,2019.04.30,Rated Blitz game,e4,Blitz,Tuesday
Verascardoso,1761,bufone,1653,2019.04.30,Rated Rapid game,e4,Rapid,Tuesday
Stockfish94,2404,bcn000,2324,2019.04.30,Rated Bullet game,e4,Bullet,Tuesday
deneme12376,1595,alcool50,1614,2019.04.30,Rated Blitz game,e4,Blitz,Tuesday
abusado,1715,Kileth,1676,2019.04.30,Rated Rapid game,d4,Rapid,Tuesday
justabulletplayer,1990,Darth_Stapler,1922,2019.04.30,Rated Blitz game,e4,Blitz,Tuesday
giacomo28,1469,fshego,1369,2019.04.30,Rated Blitz game,Nf3,Blitz,Tuesday
Orion9328,1359,Kid_Keres,1715,2019.04.30,Rated Blitz tournament ,e4,Blitz,Tuesday
Patolobos11,1309,mouh89,1270,2019.04.30,Rated Rapid game,e4,Rapid,Tuesday
Mayhemjesus,1562,Johnnyjack,1512,2019.04.30,Rated Blitz game,e4,Blitz,Tuesday
eknight003,1758,DarkGatling,1823,2019.04.30,Rated Blitz game,e4,Blitz,Tuesday
pedaaa,1735,Barista73,1723,2019.04.30,Rated Rapid game,d4,Rapid,Tuesday
KmiloV,1466,Xhandez,1489,2019.04.30,Rated Blitz game,d4,Blitz,Tuesday
sashp27,1119,onehalfer,1049,2019.04.30,Rated Rapid game,e4,Rapid,Tuesday
fosforitochess,1811,heyv29,1831,2019.04.30,Rated Blitz game,d4,Blitz,Tuesday
SelamDornexi,1123,Stefansson,1157,2019.04.30,Rated Rapid game,e4,Rapid,Tuesday
maniselvan,962,nillok,983,2019.04.30,Rated Blitz game,e4,Blitz,Tuesday
kspylidor,1445,Velops22,1433,2019.04.30,Rated Blitz game,e4,Blitz,Tuesday
hourna,1097,jusehih,1108,2019.04.30,Rated Blitz game,g3,Blitz,Tuesday
panadolextra,1498,Sharam55,1514,2019.04.30,Rated Rapid game,e4,Rapid,Tuesday
kjakk,1736,Firasrb,1662,2019.04.30,Rated Rapid game,d4,Rapid,Tuesday
crowmax,1278,tal2_0,1291,2019.04.30,Rated Blitz game,d4,Blitz,Tuesday
Bimot,1738,perozo,1842,2019.04.30,Rated Rapid game,e4,Rapid,Tuesday
iojan73,1218,madman90,1237,2019.04.30,Rated Rapid game,e4,Rapid,Tuesday
Necrow,1236,RubenPeeters,1226,2019.04.30,Rated Blitz game,d4,Blitz,Tuesday
chessguillo,1007,ylneo,1012,2019.04.30,Rated Bullet game,e4,Bullet,Tuesday
mxn42,1708,NicolicheMonster,1711,2019.04.30,Rated Blitz game,c4,Blitz,Tuesday
aaroncalcagno,1132,JoniaDL,1123,2019.04.30,Rated Classical game,d4,Classical,Tuesday
klpufrt,1609,Avicii13,1436,2019.04.30,Rated Blitz game,e4,Blitz,Tuesday
Diuvercubano,2044,erperez,1816,2019.04.30,Rated Blitz tournament ,Nf3,Blitz,Tuesday
EmotionalLad,1169,josefkeller,1133,2019.04.30,Rated Blitz game,d4,Blitz,Tuesday
Victorinox007x,1500,Sciddler,1412,2019.04.30,Rated Classical game,e4,Classical,Tuesday
BahmanChess,1154,ghoot31,1187,2019.04.30,Rated Blitz game,d4,Blitz,Tuesday
cremant3,1433,fireallday,1455,2019.04.30,Rated Blitz game,d4,Blitz,Tuesday
joekarl,1449,EiderDoO,1426,2019.04.30,Rated Rapid game,d4,Rapid,Tuesday
bhupalb,834,Bonnylove2005,1075,2019.04.30,Rated Bullet game,e3,Bullet,Tuesday
NoProblemAtAll,1630,krlosarenas,1940,2019.04.30,Rated Blitz tournament ,d4,Blitz,Tuesday
Caribdis,1518,lnascimento23,1364,2019.04.30,Rated Bullet tournament,e4,Bullet,Tuesday
wheberlig,1340,snoitalutargnoc,1257,2019.04.30,Rated Blitz game,e4,Blitz,Tuesday
tsiri55,1826,royalflushnuts,2168,2019.04.30,Rated Classical game,e4,Classical,Tuesday
Ol-caytu,1229,schming10,1224,2019.04.30,Rated Blitz game,e4,Blitz,Tuesday
Eslamspider2010,1666,Maglaglass,1804,2019.04.30,Rated Blitz game,e4,Blitz,Tuesday
ahmad_houmani,1253,blackedu,1850,2019.04.30,Rated Bullet tournament ,Nf3,Bullet,Tuesday
jjcooolehhh,1792,sparta79,1755,2019.04.30,Rated Blitz game,e4,Blitz,Tuesday
krypt0n,1026,tomenmeta,1116,2019.04.30,Rated Blitz game,Nc3,Blitz,Tuesday
apohagr928,1675,A--pawn,1608,2019.04.30,Rated Blitz game,d4,Blitz,Tuesday
abazoo,1807,Suffocate_legend,1770,2019.04.30,Rated Classical game,c4,Classical,Tuesday
kaayanpcs,1198,kevem2017,1173,2019.04.30,Rated Bullet game,e4,Bullet,Tuesday
asdera1234,1816,nomadic_farmer,1869,2019.04.30,Rated Rapid game,b3,Rapid,Tuesday
povis,1379,JackChivers,1392,2019.04.30,Rated Rapid game,e4,Rapid,Tuesday
Mounir12,1462,Toinks04,1580,2019.04.30,Rated Classical game,e4,Classical,Tuesday
Random_Guy_55,1089,flututh,1089,2019.04.30,Rated Blitz game,e4,Blitz,Tuesday
vicentillo,1739,spatri,1774,2019.04.30,Rated Blitz game,d4,Blitz,Tuesday
uzeyrerdem,951,Ducaness,996,2019.04.30,Rated Bullet game,e4,Bullet,Tuesday
gscetin,1692,schwachspiel,1939,2019.04.30,Rated Classical game,e4,Classical,Tuesday
Mikestermc,1500,Kyllikki,1453,2019.04.30,Rated Rapid game,e4,Rapid,Tuesday
YuSMoscoW,1303,AmerAlhalape,1364,2019.04.30,Rated Blitz game,c4,Blitz,Tuesday
chatmimi22,1467,grisza999,1927,2019.04.30,Rated Rapid game,d4,Rapid,Tuesday
SS69,1770,yuda2018,1501,2019.04.30,Rated Bullet tournament ,e4,Bullet,Tuesday
trinkel79,1188,Tseuke,1160,2019.04.30,Rated Bullet game,d4,Bullet,Tuesday
dole_bludger,1509,Grandpa_shark,1500,2019.04.30,Rated Rapid game,d4,Rapid,Tuesday
MMB89,1176,Lefiofan,1243,2019.04.30,Rated Bullet game,g3,Bullet,Tuesday
penbook,1247,Rambo6969,1221,2019.04.30,Rated Rapid game,e4,Rapid,Tuesday
EnemyChess,878,theeuropeanfreak,800,2019.04.30,Rated Classical game,a4,Classical,Tuesday
Giovinc0,1409,chibaba,1470,2019.04.30,Rated Blitz game,d4,Blitz,Tuesday
chessro1984,2032,licko,2023,2019.04.30,Rated Bullet game,d4,Bullet,Tuesday
itcfbod,2017,altemio,2244,2019.04.30,Rated Blitz game,Nf3,Blitz,Tuesday
Ancest0r,1721,DmitriyV88,1768,2019.04.30,Rated Bullet game,e4,Bullet,Tuesday
SEK3AGORA,1354,swaggatron,1375,2019.04.30,Rated Blitz game,e4,Blitz,Tuesday
buzun87,1136,red_owl,1183,2019.04.30,Rated Rapid game,d4,Rapid,Tuesday
klbrn,1526,fastsmurf,1498,2019.04.30,Rated Rapid game,c4,Rapid,Tuesday
kl9678910,1889,Vassi22,1753,2019.04.30,Rated Bullet tournament https://lichess.org/tournament/Rh8xK5i3,d4,Bullet,Tuesday
Davec1990,1510,Accumulator7,1483,2019.04.30,Rated Blitz game,d4,Blitz,Tuesday
magistrat48er,1380,zakron,1512,2019.04.30,Rated Classical game,d4,Classical,Tuesday
masterzyzz,1179,MHM19,1172,2019.04.30,Rated Blitz game,e4,Blitz,Tuesday
Camiil,1769,Jano0262,1813,2019.04.30,Rated Rapid game,c4,Rapid,Tuesday
oxycotin,1420,Hobuss,1483,2019.04.30,Rated Classical game,d4,Classical,Tuesday
alis93,1608,justolu1,1662,2019.04.30,Rated Classical game,d4,Classical,Tuesday
ChristopheAlhanko,1449,muehre,1321,2019.04.30,Rated Bullet game,d4,Bullet,Tuesday
Stutnik,981,YBaGGIO,967,2019.04.30,Rated Rapid game,d4,Rapid,Tuesday
checkmatemykids,1283,Jujubusiness,1288,2019.04.30,Rated Rapid game,e4,Rapid,Tuesday
Yogli,2131,gatoxadrez,1906,2019.04.30,Rated Rapid game,d4,Rapid,Tuesday
Landau00,1383,Iwillsurvived,1545,2019.04.30,Rated Rapid game,d4,Rapid,Tuesday
Michaelac7,1523,rotarualexander,1522,2019.04.30,Rated Bullet game,e4,Bullet,Tuesday
csuter,1180,Sorooshi,1363,2019.04.30,Rated Rapid game,e4,Rapid,Tuesday
Freestyletrip,1726,souptaco,1515,2019.04.30,Rated Blitz game,d4,Blitz,Tuesday
Toinks04,1559,Mounir12,1483,2019.04.30,Rated Classical game,e4,Classical,Tuesday
Mohamed_Mowafy,1758,arseen902,1740,2019.04.30,Rated Rapid game,e4,Rapid,Tuesday
bartekce2841,1227,gianlucatat,1192,2019.04.30,Rated Rapid game,d4,Rapid,Tuesday
golden_eye,2039,booga20,1973,2019.04.30,Rated Bullet game,d4,Bullet,Tuesday
keviin007,1310,ogi_bor,1097,2019.04.30,Rated Bullet tournament https://lichess.org/tournament/mSp8G60b,b4,Bullet,Tuesday
fabianno,1974,andre_ramos,1975,2019.04.30,Rated Blitz game,e4,Blitz,Tuesday
bilemba,1522,aziz5632,1542,2019.04.30,Rated Classical game,c4,Classical,Tuesday
Nabeelchess,1978,vishyanand02,1719,2019.04.30,Rated Blitz tournament https://lichess.org/tournament/wddEvhY9,e4,Blitz,Tuesday
Breathe21,1284,VladGV,1333,2019.04.30,Rated Bullet game,e4,Bullet,Tuesday
Chuckeye,1737,KnightsShadow,1719,2019.04.30,Rated Blitz game,e4,Blitz,Tuesday
Roky_Roky,1582,osskjc,1474,2019.04.30,Rated Blitz game,d4,Blitz,Tuesday
PSNIKOS1,1947,edgar41mx,1690,2019.04.30,Rated Rapid game,e4,Rapid,Tuesday
Komsult,1142,vtc777,1203,2019.04.30,Rated Rapid game,e4,Rapid,Tuesday
BDrennan98,1159,rockyman381,1096,2019.04.30,Rated Bullet game,e4,Bullet,Tuesday
Oske123,1318,FilipeRbk,1250,2019.04.30,Rated Bullet game,e4,Bullet,Tuesday
Ramazan_napolian,1159,rmedel64,1137,2019.04.30,Rated Bullet game,e4,Bullet,Tuesday
Hexo0,1111,Bigbulldog,1108,2019.04.30,Rated Blitz game,e4,Blitz,Tuesday
draughtsbrah,1509,IG2,1420,2019.04.30,Rated Blitz game,e4,Blitz,Tuesday
skydragon,1342,JasonK1904,1345,2019.04.30,Rated Classical game,e4,Classical,Tuesday
streamwave,1103,pawlos122,1218,2019.04.30,Rated Blitz game,d4,Blitz,Tuesday
Akior_senun,1057,satanicchacon,1309,2019.04.30,Rated Classical game,e4,Classical,Tuesday
ma7moudda,1298,kaayanpcs,1219,2019.04.30,Rated Blitz game,d4,Blitz,Tuesday
ex_5_libris,1322,sylvapat,1316,2019.04.30,Rated Bullet game,e4,Bullet,Tuesday
Plaqueoff,1420,VwVw777,1581,2019.04.30,Rated Rapid game,d4,Rapid,Tuesday
ujku,2354,lovlas,2435,2019.04.30,Rated Blitz game,d4,Blitz,Tuesday
bugraekicioglu,1044,MindCorruuupted,1112,2019.04.30,Rated Rapid game,e4,Rapid,Tuesday
noecaba,1901,Denis1980,1711,2019.04.30,Rated Blitz game,e4,Blitz,Tuesday
FRLawless,1172,Jakada,1191,2019.04.30,Rated Blitz game,e4,Blitz,Tuesday
Ev1lMinded88,1688,fseligo,1760,2019.04.30,Rated Classical game,e4,Classical,Tuesday
bg7kd94,1453,prateekSanyal,1441,2019.04.30,Rated Bullet game,d4,Bullet,Tuesday
Rajurams,1472,dr_gemmy,1420,2019.04.30,Rated Classical game,d4,Classical,Tuesday
Pekkafurieux,1230,Yami99,1149,2019.04.30,Rated Blitz tournament https://lichess.org/tournament/c2fkQKYI,d4,Blitz,Tuesday
Khover,1533,robert57,1552,2019.04.30,Rated Blitz game,e4,Blitz,Tuesday
KINSKIPAGANINI,1322,finik01,1356,2019.04.30,Rated Bullet game,e4,Bullet,Tuesday
angelaguero,2352,paryokha,2310,2019.04.30,Rated Blitz game,d4,Blitz,Tuesday
StefanoVelazquez,1895,sjerr,1981,2019.04.30,Rated Bullet game,d4,Bullet,Tuesday
edumarga,1322,samuel_victor,1274,2019.04.30,Rated Bullet game,e4,Bullet,Tuesday
quiqueheres,1756,ROGERINHO17,1494,2019.04.30,Rated Rapid game,d4,Rapid,Tuesday
Phwess,1484,zlreitz,1503,2019.04.30,Rated Rapid game,d4,Rapid,Tuesday
leafylief,1381,yolococo68,1317,2019.04.30,Rated Blitz game,d4,Blitz,Tuesday
utkuarss,898,M7tar,933,2019.04.30,Rated Bullet game,e4,Bullet,Tuesday
Nenrod,1469,Vekviking,1503,2019.04.30,Rated Bullet game,d4,Bullet,Tuesday
fabianr74,1700,tjw4343,1796,2019.04.30,Rated Bullet game,e4,Bullet,Tuesday
GaiusCorneliusScipio,1196,Black3ned77,1059,2019.04.30,Rated Classical game,d3,Classical,Tuesday
TomBa88,1887,mohamedtaken,1658,2019.04.30,Rated Rapid game,e4,Rapid,Tuesday
Simonkys,1478,Bilbo9,1500,2019.04.30,Rated Blitz game,e4,Blitz,Tuesday
HumansAreInsane,1546,Orion9328,1374,2019.04.30,Rated Blitz tournament https://lichess.org/tournament/yYpjCgOR,e4,Blitz,Tuesday
xBrontx,1538,Ronnyel,1565,2019.04.30,Rated Blitz game,d4,Blitz,Tuesday
pinallwizard,1281,agt_chess,1258,2019.04.30,Rated Rapid game,e4,Rapid,Tuesday
Reineluaine,2170,Emily29,2150,2019.04.30,Rated Rapid game,d4,Rapid,Tuesday
gorizav,1848,venerabile48,1775,2019.04.30,Rated Rapid game,c4,Rapid,Tuesday
QueenKataa,1217,AncoMarcio,1233,2019.04.30,Rated Blitz game,e4,Blitz,Tuesday
el_phenomeno,1170,QwertyMasterr,1144,2019.04.30,Rated Rapid game,d4,Rapid,Tuesday
Mawile-Mega,1361,AJJShor,1159,2019.04.30,Rated Blitz game,d4,Blitz,Tuesday
Aracaju,1918,T_101,2037,2019.04.30,Rated Blitz game,e4,Blitz,Tuesday
CRenatoJLS,1068,JayKon17,1132,2019.04.30,Rated Blitz game,d4,Blitz,Tuesday
fenix-games-shop,1115,JulianBandorf,1171,2019.04.30,Rated Blitz game,e4,Blitz,Tuesday
Narvutar1324,1024,yDeZ,963,2019.04.30,Rated Blitz game,e4,Blitz,Tuesday
LIEME06,2189,Shilichkov,2381,2019.04.30,Rated Bullet tournament https://lichess.org/tournament/WlwPXAfI,a4,Bullet,Tuesday
Thumnor,1059,madlad57,1047,2019.04.30,Rated Classical game,e4,Classical,Tuesday
Totigol,1502,naffies,1616,2019.04.30,Rated Rapid game,c4,Rapid,Tuesday
Bamm_Rubble,2219,Xilog,2241,2019.04.30,Rated Bullet game,e4,Bullet,Tuesday
apple4lex,1525,Mikey113,1512,2019.04.30,Rated Classical game,Nf3,Classical,Tuesday
Max42,1522,akverma47,1489,2019.04.30,Rated Rapid game,e4,Rapid,Tuesday
FeelsKappablancaMan,1697,torhh,1687,2019.04.30,Rated Blitz game,d4,Blitz,Tuesday
sxakisto,1661,yavuzondem,1581,2019.04.30,Rated Classical game,e4,Classical,Tuesday
hrngnc,1786,Jpmuelle,1854,2019.04.30,Rated Classical game,e4,Classical,Tuesday
Vasily000,1033,merveinal,999,2019.04.30,Rated Blitz game,e4,Blitz,Tuesday
Rigglethor,911,PunisherYahya,903,2019.04.30,Rated Blitz game,e4,Blitz,Tuesday
fashman,1317,MongolKhan,1298,2019.04.30,Rated Rapid game,e4,Rapid,Tuesday
olga1006,1390,Tortilaman1800,1373,2019.04.30,Rated Classical game,e4,Classical,Tuesday
bozzi,1308,stlnewguy2,1327,2019.04.30,Rated Rapid game,d4,Rapid,Tuesday
ergatia,1535,danielhxp,1477,2019.04.30,Rated Rapid game,c4,Rapid,Tuesday
beshoysalama,1331,kaayanpcs,1344,2019.04.30,Rated Blitz game,d4,Blitz,Tuesday
rokkee,1491,DoctorNobody9,1497,2019.04.30,Rated Blitz game,e4,Blitz,Tuesday
rapgame1,1933,cheesedout,1820,2019.04.30,Rated Bullet game,d4,Bullet,Tuesday
Suoerm,1215,RaffyKhalifa,1165,2019.04.30,Rated Rapid game,d4,Rapid,Tuesday
enzino63,1430,Morgan_74,1374,2019.04.30,Rated Rapid game,e4,Rapid,Tuesday
jefish003,1089,TheWindUpKafka,1113,2019.04.30,Rated Blitz game,e4,Blitz,Tuesday
eabrewer50,1004,erkin004,931,2019.04.30,Rated Bullet game,e4,Bullet,Tuesday
miguelgp87,1321,yusufdnz,1190,2019.04.30,Rated Bullet game,e4,Bullet,Tuesday
PrinceSiris,1111,booksmaster,1146,2019.04.30,Rated Classical game,e4,Classical,Tuesday
Cisco-esp,1724,paparucho38,1599,2019.04.30,Rated Blitz game,e4,Blitz,Tuesday
civvie,1409,dark_gundam,1409,2019.04.30,Rated Bullet game,e4,Bullet,Tuesday
rhotproda,1931,Miguelengel,1848,2019.04.30,Rated Bullet game,e4,Bullet,Tuesday
SirJon,1287,janoshski,1451,2019.04.30,Rated Classical game,d4,Classical,Tuesday
karakazan3701,1500,Carlos_Marrero,1474,2019.04.30,Rated Rapid game,e4,Rapid,Tuesday
agrolegolas,1701,ChaiT,1712,2019.04.30,Rated Blitz game,e4,Blitz,Tuesday
Mkiz,1499,nicolaszs,1485,2019.04.30,Rated Blitz game,e4,Blitz,Tuesday
Jamjamjim,1698,alllass,1646,2019.04.30,Rated Bullet game,d4,Bullet,Tuesday
knuckledusterA,904,Clarabelle1973,856,2019.04.30,Rated Classical game,Nc3,Classical,Tuesday
janhel,2060,Mad-Man,2051,2019.04.30,Rated Blitz tournament https://lichess.org/tournament/wddEvhY9,d4,Blitz,Tuesday
EL-SICILIANO-FINAL,1864,maxivgc,1822,2019.04.30,Rated Classical game,e4,Classical,Tuesday
merhabaaaaa,1439,Sh-Atabay,1473,2019.04.30,Rated Rapid game,e4,Rapid,Tuesday
letterss2,1651,Hisenberg89S,1650,2019.04.30,Rated Blitz game,e4,Blitz,Tuesday
grandpaflorida,1403,pogrib,1807,2019.04.30,Rated Rapid game,d4,Rapid,Tuesday
outlawpeter,1196,e4r,1152,2019.04.30,Rated Blitz game,e4,Blitz,Tuesday
estenomacra,1034,mrspinaci,1002,2019.04.30,Rated Blitz game,e4,Blitz,Tuesday
EfrainPardo,1869,Kappy,1854,2019.04.30,Rated Blitz game,d4,Blitz,Tuesday
Irineujubileu,1004,sebnamek,982,2019.04.30,Rated Bullet game,d4,Bullet,Tuesday
Mosfischer,1308,burxx09,1292,2019.04.30,Rated Bullet game,e4,Bullet,Tuesday
chupazabra,1500,stoicnoble99,1500,2019.04.30,Rated Bullet game,e4,Bullet,Tuesday
flowersnickers,1013,e1mate,1065,2019.04.30,Rated Rapid game,e4,Rapid,Tuesday
kieran2,1026,Liimited,1056,2019.04.30,Rated Blitz game,e4,Blitz,Tuesday
dosco189,1167,Spacedingo13,1162,2019.04.30,Rated Bullet game,e4,Bullet,Tuesday
Kings__gambit,1794,Zuikan,1803,2019.04.30,Rated Blitz game,c4,Blitz,Tuesday
ShameOUA,1169,KamalSH,1191,2019.04.30,Rated Blitz game,e4,Blitz,Tuesday
tunisien2200,1840,dingfa,1772,2019.04.30,Rated Blitz game,Nf3,Blitz,Tuesday
gallspach,1773,InoffensiveUsername,1809,2019.04.30,Rated Blitz game,d4,Blitz,Tuesday
hydell,1551,LaDonor,1500,2019.04.30,Rated Blitz game,d4,Blitz,Tuesday
trojantucker,1361,pase4nik,1366,2019.04.30,Rated Blitz game,d4,Blitz,Tuesday
tarek16021967,1435,flopty,1504,2019.04.30,Rated Classical game,d4,Classical,Tuesday
ehrenmann01,1500,Fieldx,1500,2019.04.30,Rated Blitz game,g3,Blitz,Tuesday
sargon6,1713,Plaqueoff,1616,2019.04.30,Rated Rapid game,e4,Rapid,Tuesday
olsok,1735,chesstrade,1836,2019.04.30,Rated Bullet tournament https://lichess.org/tournament/vdvWuobL,e4,Bullet,Tuesday
draughtsbrah,1516,Antivirus1978,1552,2019.04.30,Rated Blitz game,d4,Blitz,Tuesday
startledgiraffe,1362,bestwillcui,1373,2019.04.30,Rated Blitz game,e4,Blitz,Tuesday
Boroatatru,1169,dwarfzerker,1155,2019.04.30,Rated Blitz game,e4,Blitz,Tuesday
Huanchaca,1379,Damarin86,1360,2019.04.30,Rated Blitz game,e4,Blitz,Tuesday
Nagesh49,1311,Ichneumonidae,1313,2019.04.30,Rated Rapid game,e4,Rapid,Tuesday
BadChicken,2252,LIEME06,2220,2019.04.30,Rated Bullet tournament https://lichess.org/tournament/WlwPXAfI,d4,Bullet,Tuesday
Cami15,1296,ashketchung,1326,2019.04.30,Rated Blitz game,e4,Blitz,Tuesday
bedfevzi,924,reactionn,900,2019.04.30,Rated Blitz game,e4,Blitz,Tuesday
Imenator,1212,prLirawton,1249,2019.04.30,Rated Blitz game,c4,Blitz,Tuesday
Adt192,1339,cferrando,1369,2019.04.30,Rated Bullet game,e4,Bullet,Tuesday
Jessejames88,2343,angelaguero,2361,2019.04.30,Rated Blitz game,e4,Blitz,Tuesday
Dr_Zaki,1431,MrCharlieTaylor1970,1452,2019.04.30,Rated Rapid game,d4,Rapid,Tuesday
countmichael,1569,xavier8888,1573,2019.04.30,Rated Blitz game,e4,Blitz,Tuesday
PJBarron,1848,hjavier23,1889,2019.04.30,Rated Blitz game,c4,Blitz,Tuesday
Chessczar916,1500,Kamalbb10,1564,2019.04.30,Rated Classical game,d4,Classical,Tuesday
adk999,908,Duarty,801,2019.04.30,Rated Blitz game,f4,Blitz,Tuesday
Nubivagem,1187,BunnyRabbit995,1257,2019.04.30,Rated Blitz game,e4,Blitz,Tuesday
phoe2693,1524,Ptitzeub,1500,2019.04.30,Rated Bullet game,g4,Bullet,Tuesday
remixchess,1357,Blindfold-only,1595,2019.04.30,Rated Rapid game,Nf3,Rapid,Tuesday
Anonym007,1586,garrulle,1443,2019.04.30,Rated Blitz tournament https://lichess.org/tournament/Zq30xPrp,e4,Blitz,Tuesday
efraco,1631,littlejohnnyxx,1726,2019.04.30,Rated Bullet game,d4,Bullet,Tuesday
mahmutt45,1128,Plirbo,1122,2019.04.30,Rated Blitz game,Nf3,Blitz,Tuesday
FilipeCL,1271,Evaldas_Sakinis,1324,2019.04.30,Rated Blitz game,e4,Blitz,Tuesday
dz18,1678,FCF3,1631,2019.04.30,Rated Rapid game,e4,Rapid,Tuesday
zasdfsds,1725,kuhreem,1760,2019.04.30,Rated Blitz game,b3,Blitz,Tuesday
mert_13,1144,uur580,1067,2019.04.30,Rated Blitz game,d4,Blitz,Tuesday
sdgmklg,1695,Pedrocons1717,1691,2019.04.30,Rated Blitz game,e4,Blitz,Tuesday
chessguillo,989,Kreasy_Bear,891,2019.04.30,Rated Bullet game,c4,Bullet,Tuesday
alisafariii76,1707,rezoons,1744,2019.04.30,Rated Classical game,d4,Classical,Tuesday
T_101,2062,TheNumskull,1990,2019.04.30,Rated Blitz game,d4,Blitz,Tuesday
majid_king,1952,JEANKA_TR,1901,2019.04.30,Rated Rapid game,e4,Rapid,Tuesday
SteveL99,2058,aytogel,1893,2019.04.30,Rated Blitz game,e4,Blitz,Tuesday
justlearnin,1494,ugboss,1556,2019.04.30,Rated Blitz game,b3,Blitz,Tuesday
Mrwhite44,1965,Elcampeoncito23,1898,2019.04.30,Rated Bullet game,c4,Bullet,Tuesday
swair,1810,gameras,1745,2019.04.30,Rated Blitz game,e4,Blitz,Tuesday
Landau00,1041,AamerAnwer,1050,2019.04.30,Rated Blitz game,d4,Blitz,Tuesday
helamarocha,1313,GP33,1312,2019.04.30,Rated Blitz game,e4,Blitz,Tuesday
LeoMors,1754,vkalyan,1725,2019.04.30,Rated Blitz game,d4,Blitz,Tuesday
anakin8,901,Diegolas,943,2019.04.30,Rated Blitz game,d4,Blitz,Tuesday
almirarizqiyya,1683,Rolando1,1806,2019.04.30,Rated Bullet game,e4,Bullet,Tuesday
Jefcalgaro,1694,binenbojm,1679,2019.04.30,Rated Classical game,e4,Classical,Tuesday
Tavo_21,1428,MisterPorto,1402,2019.04.30,Rated Blitz game,e4,Blitz,Tuesday
Ersdtkt,1317,hotelcasino,1296,2019.04.30,Rated Blitz game,e4,Blitz,Tuesday
ammarbougossa,1989,FormelKn,2191,2019.04.30,Rated Classical game,d4,Classical,Tuesday
hhbc41,1535,offermeadraw,1595,2019.04.30,Rated Blitz game,d4,Blitz,Tuesday
Chaz36,1369,Flo21,1338,2019.04.30,Rated Blitz game,e4,Blitz,Tuesday
lp24,2073,alexei007,2068,2019.04.30,Rated Bullet game,e4,Bullet,Tuesday
rchyzh,1700,acsm92,1888,2019.04.30,Rated Blitz game,e4,Blitz,Tuesday
AlexanderHorowitz,1299,timothyadams,1348,2019.04.30,Rated Blitz game,e4,Blitz,Tuesday
Karaku,1755,KunoUkno,1732,2019.04.30,Rated Bullet game,d3,Bullet,Tuesday
Filifinsk,1413,Jancsi77,1408,2019.04.30,Rated Classical game,d3,Classical,Tuesday
DorelSeIntoarce,1633,geracanas,1652,2019.04.30,Rated Blitz game,e4,Blitz,Tuesday
modexxx,964,idriss_tafala,893,2019.04.30,Rated Blitz game,e4,Blitz,Tuesday
rizwanch,1814,chrisgat,1777,2019.04.30,Rated Rapid game,e4,Rapid,Tuesday
xmunix,1531,firstwar,1543,2019.04.30,Rated Blitz game,d4,Blitz,Tuesday
therealdmill,1992,skyrat,1963,2019.04.30,Rated Blitz game,d4,Blitz,Tuesday
Os-Ama,1739,D_Aparicio,1679,2019.04.30,Rated Blitz game,e4,Blitz,Tuesday
I_no_play_very_good,1310,Chesstian_Horse,1325,2019.04.30,Rated Blitz game,d4,Blitz,Tuesday
TheKingCharlesCav,1624,Steedmachine,1624,2019.04.30,Rated Rapid game,e4,Rapid,Tuesday
Johnnylats,1394,Viktor_Petrovuch,1396,2019.04.30,Rated Rapid game,d4,Rapid,Tuesday
mr_mustache,1229,Earl_92,1431,2019.04.30,Rated Blitz game,e4,Blitz,Tuesday
Varjas_Miklos,1666,periodictable,1671,2019.04.30,Rated Rapid game,e4,Rapid,Tuesday
shotstopper,1159,mel782,1440,2019.04.30,Rated Rapid game,e4,Rapid,Tuesday
tvoya___mamka,1240,ARebours,1222,2019.04.30,Rated Blitz game,c3,Blitz,Tuesday
dlman,1675,faselcuk,1708,2019.04.30,Rated Blitz game,e4,Blitz,Tuesday
chessguy1010,1759,sempurna89,1758,2019.04.30,Rated Rapid game,f4,Rapid,Tuesday
mertedip,1507,kjarvez,1594,2019.04.30,Rated Classical game,e4,Classical,Tuesday
The-Punisher-3,1125,Etmener,993,2019.04.30,Rated Blitz game,e3,Blitz,Tuesday
almirarizqiyya,1655,manchesstr,1516,2019.04.30,Rated Bullet game,g3,Bullet,Tuesday
kuzumate,1303,Qaian,1288,2019.04.30,Rated Rapid game,e4,Rapid,Tuesday
davelangridge,1154,yzg09,906,2019.04.30,Rated Rapid game,d4,Rapid,Tuesday
ygt1239800,1742,ymenyavseploho,1268,2019.04.30,Rated Rapid game,e4,Rapid,Tuesday
Nosren,1629,danski,1476,2019.04.30,Rated Rapid game,e4,Rapid,Tuesday
adielmartins,1459,GainMo,1410,2019.04.30,Rated Blitz tournament https://lichess.org/tournament/Q9DutcUh,d4,Blitz,Tuesday
maher2000,1472,Rudi_Harjo,1487,2019.04.30,Rated Blitz tournament https://lichess.org/tournament/Q9DutcUh,d4,Blitz,Tuesday
GermanRomano,1861,A1959,1890,2019.04.30,Rated Classical game,e4,Classical,Tuesday
fernandau,882,Chaoticserinity,897,2019.04.30,Rated Rapid game,d4,Rapid,Tuesday
Fredrik7ers1,1361,Mglntn,1369,2019.04.30,Rated Blitz game,Nf3,Blitz,Tuesday
Moha98med,1500,imie,1474,2019.04.30,Rated Rapid game,e4,Rapid,Tuesday
Alevaspan,1367,bigblindbets,1333,2019.04.30,Rated Rapid game,d4,Rapid,Tuesday
what9999,1488,Akerim10,1500,2019.04.30,Rated Rapid game,e4,Rapid,Tuesday
Brn3556,1521,jamesb0ndage,1511,2019.04.30,Rated Rapid game,e4,Rapid,Tuesday
mlfmagic,1492,voyto,1513,2019.04.30,Rated Bullet game,e4,Bullet,Tuesday
rhtdmuday,1592,silvasguijvlle,1549,2019.04.30,Rated Bullet game,d4,Bullet,Tuesday
omidradmehr,1438,hurricane0788,1454,2019.04.30,Rated Rapid tournament https://lichess.org/tournament/PxNa5zeW,e4,Rapid,Tuesday
Rayon003,1383,Gustavov231,1316,2019.04.30,Rated Rapid game,e4,Rapid,Tuesday
Culitos,1058,Pierozzo,1087,2019.04.30,Rated Bullet game,d4,Bullet,Tuesday
Graysmith,1658,Bghger,1509,2019.04.30,Rated Bullet tournament https://lichess.org/tournament/m5CNdcpr,e4,Bullet,Tuesday
MarcusBayern,1732,Perramus,1620,2019.04.30,Rated Rapid game,e4,Rapid,Tuesday
wwsilva,1656,ibn_Dahir,1547,2019.04.30,Rated Rapid game,e4,Rapid,Tuesday
albertopiolin,1751,vishyanand00,1620,2019.04.30,Rated Blitz tournament https://lichess.org/tournament/7XMoG4vj,e4,Blitz,Tuesday
Vuki312,1751,Mattace,1831,2019.04.30,Rated Rapid game,d4,Rapid,Tuesday
petrous13,1919,Dd0mino2,1921,2019.04.30,Rated Rapid game,e4,Rapid,Tuesday
kingkong11,1852,Nb1,1835,2019.04.30,Rated Blitz tournament https://lichess.org/tournament/wQNEgYqH,e4,Blitz,Tuesday
dinesan,1513,Shram-spb,1494,2019.04.30,Rated Blitz game,e4,Blitz,Tuesday
boban656,1461,GarThaleon,1448,2019.04.30,Rated Bullet game,d4,Bullet,Tuesday
archille1,997,Bobble96,949,2019.04.30,Rated Blitz tournament https://lichess.org/tournament/wQNEgYqH,e4,Blitz,Tuesday
lucrocky,1162,False13,1157,2019.04.30,Rated Rapid game,e4,Rapid,Tuesday
mazchess,1807,worm1,1657,2019.04.30,Rated Blitz game,e4,Blitz,Tuesday
SourceRichemale,1417,vikas043,1378,2019.04.30,Rated Bullet game,e4,Bullet,Tuesday
jesuisuneloutre,1303,Decathloner,1405,2019.04.30,Rated Bullet game,e4,Bullet,Tuesday
jonathonbrady,1355,ex_5_libris,1339,2019.04.30,Rated Bullet game,Nf3,Bullet,Tuesday
Phoenix2323,1359,finik01,1373,2019.04.30,Rated Bullet game,e4,Bullet,Tuesday
mdioxy,1798,Ireallydontcare,1784,2019.04.30,Rated Bullet game,e4,Bullet,Tuesday
Ya-Boy,1715,memagnus,1722,2019.04.30,Rated Bullet game,e4,Bullet,Tuesday
valencianista11,1782,Sutano,1837,2019.04.30,Rated Blitz game,e4,Blitz,Tuesday
adrlen,964,knemsiz,974,2019.04.30,Rated Blitz game,d4,Blitz,Tuesday
jgbm,1160,Ayberk2182,1208,2019.04.30,Rated Bullet game,e4,Bullet,Tuesday
smartalex,1850,piur,1763,2019.04.30,Rated Rapid game,e4,Rapid,Tuesday
javad1982,1736,FeelsKappablancaMan,1718,2019.04.30,Rated Blitz game,b3,Blitz,Tuesday
sssmashy,1380,huxl,1357,2019.04.30,Rated Bullet game,e4,Bullet,Tuesday
blurph,909,Antrakan,1005,2019.04.30,Rated Blitz game,e4,Blitz,Tuesday
Jadenr22,1094,StephiKitti,838,2019.04.30,Rated Classical game,d4,Classical,Tuesday
SuperNerd22,1127,queoro,1118,2019.04.30,Rated Blitz game,g3,Blitz,Tuesday
molivares2,1459,HetsGama,1451,2019.04.30,Rated Blitz game,e4,Blitz,Tuesday
Figs_90,1644,JAHVESEBOAT,1590,2019.04.30,Rated Classical game,e4,Classical,Tuesday
Castellabate,1658,BlunderTastic,1628,2019.04.30,Rated Bullet game,d4,Bullet,Tuesday
Gallo_con_Tennis,1403,MagnusCarlsen1111,1361,2019.04.30,Rated Blitz game,d4,Blitz,Tuesday
ahmed1989,1476,Atapinhas,1500,2019.04.30,Rated Rapid game,e4,Rapid,Tuesday
Mabunmi,1442,Uzamakiuchiha,1438,2019.04.30,Rated Blitz game,e4,Blitz,Tuesday
Anamor,1518,you_a_mind_poor,1219,2019.04.30,Rated Blitz tournament https://lichess.org/tournament/Q9DutcUh,e4,Blitz,Tuesday
faroukcs,1180,Crimemasterlogo,1178,2019.04.30,Rated Blitz game,e4,Blitz,Tuesday
Ray2015,1363,gamebit19,1447,2019.04.30,Rated Blitz game,d4,Blitz,Tuesday
sire_noel,1263,Matte003,1286,2019.04.30,Rated Rapid game,e4,Rapid,Tuesday
leonardo2017,2142,czechchess,2098,2019.04.30,Rated Rapid game,c4,Rapid,Tuesday
abbasarash52,1836,Jager04,1839,2019.04.30,Rated Blitz game,d4,Blitz,Tuesday
kingkong11,1866,Emekashirov,1860,2019.04.30,Rated Blitz tournament https://lichess.org/tournament/wQNEgYqH,e4,Blitz,Tuesday
danysioux,1696,Elamir2002,1648,2019.04.30,Rated Rapid game,e4,Rapid,Tuesday
Mohammad_Aldamman,1361,Andy108,1375,2019.04.30,Rated Blitz game,d4,Blitz,Tuesday
bodya17,2157,Rybo343,2175,2019.04.30,Rated Bullet game,e4,Bullet,Tuesday
Tomoe91,1679,JC-FS,1723,2019.04.30,Rated Rapid game,d4,Rapid,Tuesday
mrfenker,1035,huskyenrique,1058,2019.04.30,Rated Rapid game,e4,Rapid,Tuesday
scarboroughfair,1996,mr-vahiiiid,1615,2019.04.30,Rated Blitz tournament https://lichess.org/tournament/toUiqYDi,e4,Blitz,Tuesday
RschS,1193,Sirkekolas,1174,2019.04.30,Rated Blitz game,d4,Blitz,Tuesday
mazchess,1865,Neloreis,1898,2019.04.30,Rated Blitz game,e4,Blitz,Tuesday
PawnaldMcDonald,1552,llogo,1596,2019.04.30,Rated Rapid game,d4,Rapid,Tuesday
teaandtoast,1612,bestuz,1434,2019.04.30,Rated Blitz game,e4,Blitz,Tuesday
Etmener,965,The-Punisher-3,1203,2019.04.30,Rated Blitz game,e4,Blitz,Tuesday
martinmestl,1864,Haida,1624,2019.04.30,Rated Blitz game,b3,Blitz,Tuesday
AlexeyMK,1266,Mickole,1308,2019.04.30,Rated Blitz game,e4,Blitz,Tuesday
nicks96,1104,Fabio26,1141,2019.04.30,Rated Blitz game,e4,Blitz,Tuesday
JACKIEEEEEE,1244,morpfisch,1505,2019.04.30,Rated Bullet tournament https://lichess.org/tournament/m5CNdcpr,d4,Bullet,Tuesday
cano-kan,1968,DAVIDTROYACHILLES,1891,2019.04.30,Rated Bullet game,c3,Bullet,Tuesday
koind,1519,Ruy_Saraiva,1526,2019.04.30,Rated Blitz game,d4,Blitz,Tuesday
Ramirez2311,1788,kingkong11,1855,2019.04.30,Rated Blitz tournament https://lichess.org/tournament/wQNEgYqH,d4,Blitz,Tuesday
descartador,1470,Patser,1540,2019.04.30,Rated Bullet game,e4,Bullet,Tuesday
Anamor,1500,Jak4,1388,2019.04.30,Rated Blitz tournament https://lichess.org/tournament/Q9DutcUh,e4,Blitz,Tuesday
repertory,1961,Hetasan,1855,2019.04.30,Rated Blitz game,d4,Blitz,Tuesday
EfekanAy,1500,sain21,1512,2019.04.30,Rated Blitz game,d4,Blitz,Tuesday
danielgarciamxcu,1512,gmjaguars,1629,2019.04.30,Rated Blitz game,c4,Blitz,Tuesday
nimzohawk,1643,FlibGib,1582,2019.04.30,Rated Bullet game,e4,Bullet,Tuesday
geraldnon1,952,JaxonFrank,1041,2019.04.30,Rated Blitz game,e4,Blitz,Tuesday
MCJOTAE,1865,MuhammedAlnajjar,1970,2019.04.30,Rated Classical game,e4,Classical,Tuesday
Lrussell513,1695,equilink,1690,2019.04.30,Rated Classical game,e4,Classical,Tuesday
sametuzun,1399,hurricane0788,1484,2019.04.30,Rated Rapid tournament https://lichess.org/tournament/PxNa5zeW,e4,Rapid,Tuesday
tsdc,1500,sadsadsadsad,1506,2019.04.30,Rated Blitz game,e4,Blitz,Tuesday
gradinafrica,1064,MassiveLykai,1203,2019.04.30,Rated Bullet game,d4,Bullet,Tuesday
jpp078,1717,Polotskgas,1792,2019.04.30,Rated Blitz game,e4,Blitz,Tuesday
azyk,934,IBOURK,957,2019.04.30,Rated Blitz game,e4,Blitz,Tuesday
senseisam,1278,pinallwizard,1280,2019.04.30,Rated Rapid game,e4,Rapid,Tuesday
saino1,1495,Lacir,1646,2019.04.30,Rated Rapid game,f4,Rapid,Tuesday
brunogomez,1089,Andresss97,1170,2019.04.30,Rated Blitz game,d4,Blitz,Tuesday
nagamra,1214,chicobento,1230,2019.04.30,Rated Bullet game,e4,Bullet,Tuesday
MwendaMovous,1325,Alicis,1410,2019.04.30,Rated Blitz game,c4,Blitz,Tuesday
Leo_Lord,1383,DBEddy1105,1381,2019.04.30,Rated Blitz game,c4,Blitz,Tuesday
dshaw,1036,joebjoe,1116,2019.04.30,Rated Blitz game,d4,Blitz,Tuesday
Yeptis,1762,chelomate,1729,2019.04.30,Rated Blitz game,d4,Blitz,Tuesday
Rockbalboa,1229,tarleton,1234,2019.04.30,Rated Blitz game,e4,Blitz,Tuesday
BlueSoup,1511,herdem,1454,2019.04.30,Rated Rapid game,e4,Rapid,Tuesday
Alx17,1195,Chariman4755,1093,2019.04.30,Rated Bullet game,e3,Bullet,Tuesday
PawnTown7,1257,Goldsarchery,1367,2019.04.30,Rated Blitz game,e4,Blitz,Tuesday
flunn01,1094,ddiemar,1067,2019.04.30,Rated Blitz game,e4,Blitz,Tuesday
metabolism,1429,Luca_Caram,1462,2019.04.30,Rated Rapid game,e4,Rapid,Tuesday
Shelena,1960,siaj,2133,2019.04.30,Rated Blitz game,e4,Blitz,Tuesday
coldsteam,1425,Broodje-Salami,1521,2019.04.30,Rated Bullet game,d4,Bullet,Tuesday
shimianto,1557,JarlCarl,1582,2019.04.30,Rated Rapid game,e4,Rapid,Tuesday
AlessandroU,1468,pedrovenanci,1486,2019.04.30,Rated Classical game,d4,Classical,Tuesday
Gliesov,1864,peonamigo,1897,2019.04.30,Rated Blitz game,e4,Blitz,Tuesday
xfede,1481,trhaburu,1517,2019.04.30,Rated Blitz game,e4,Blitz,Tuesday
thojon,946,seewhat,833,2019.04.30,Rated Blitz game,d4,Blitz,Tuesday
Sozakh,1581,rookceps,1891,2019.04.30,Rated Blitz game,e4,Blitz,Tuesday
micuenta,1378,jrobertson17,1355,2019.04.30,Rated Classical game,d4,Classical,Tuesday
ndc5057,1466,DemontierJr,1472,2019.04.30,Rated Classical game,Nf3,Classical,Tuesday
Chalo_Meza,1556,Rosmone,1564,2019.04.30,Rated Bullet game,d4,Bullet,Tuesday
MaxwellCornet,1301,zSkyFall,1323,2019.04.30,Rated Classical game,e4,Classical,Tuesday
au4all,1421,Rachidbenacha,1423,2019.04.30,Rated Blitz game,e4,Blitz,Tuesday
abhishek1015,1300,continigian46,1315,2019.04.30,Rated Bullet game,f4,Bullet,Tuesday
spouyu,1948,mazchess,1943,2019.04.30,Rated Blitz game,e4,Blitz,Tuesday
Jaygeee,1084,heroiccocoa,813,2019.04.30,Rated Bullet game,d4,Bullet,Tuesday
juanmavkv,1567,nanapudding,1314,2019.04.30,Rated Rapid game,e4,Rapid,Tuesday
PrestonWoolsey,1141,chessguillo,1006,2019.04.30,Rated Bullet game,e4,Bullet,Tuesday
eunaosei54,1135,Yasinn45,1090,2019.04.30,Rated Blitz game,e4,Blitz,Tuesday
Walii,1508,MatheusTunico,1500,2019.04.30,Rated Blitz game,c4,Blitz,Tuesday
Vanidad,1499,lucasfreitas,1486,2019.04.30,Rated Rapid game,e4,Rapid,Tuesday
acecalamity,1553,MJColdwell,1623,2019.04.30,Rated Blitz game,e4,Blitz,Tuesday
vishyanand05,1572,timogen,1925,2019.04.30,Rated Blitz tournament https://lichess.org/tournament/7XMoG4vj,e4,Blitz,Tuesday
tensorextension,1027,baranunallllllll,1072,2019.04.30,Rated Rapid game,e4,Rapid,Tuesday
Mr-obodavic,1374,aleksandar79,1304,2019.04.30,Rated Bullet game,d3,Bullet,Tuesday
NAME816,1543,karansinha,1337,2019.04.30,Rated Blitz tournament https://lichess.org/tournament/7XMoG4vj,e4,Blitz,Tuesday
alexx85,1699,RachelLaskowski,1716,2019.04.30,Rated Blitz game,e4,Blitz,Tuesday
hairlessitalian,1523,XKaanX,1521,2019.04.30,Rated Blitz game,d4,Blitz,Tuesday
GeorgesHabitbol,1532,PatxiJulen,1544,2019.04.30,Rated Bullet game,e4,Bullet,Tuesday
Srkn38,1303,okayV,1345,2019.04.30,Rated Rapid game,d4,Rapid,Tuesday
runner55,1759,Kchessman2015,1338,2019.04.30,Rated Blitz tournament https://lichess.org/tournament/7XMoG4vj,e4,Blitz,Tuesday
Valdobarros,1506,Nyrvana,1511,2019.04.30,Rated Classical game,e4,Classical,Tuesday
lkkkkl,832,xKONGEx,945,2019.04.30,Rated Blitz game,e4,Blitz,Tuesday
ARIY7777,2149,MaximZMS,2309,2019.04.30,Rated Blitz game,e4,Blitz,Tuesday
sabaaaa,1137,dougbeischel,975,2019.04.30,Rated Classical game,d4,Classical,Tuesday
Alwayshyne,1286,diagramadevenn,1336,2019.04.30,Rated Bullet game,d4,Bullet,Tuesday
DaniFL,1568,Alejandro_Senillosa,1635,2019.04.30,Rated Rapid game,e4,Rapid,Tuesday
WEEDBOY420,1805,stan_m,1725,2019.04.30,Rated Blitz game,f4,Blitz,Tuesday
itcfbod,1932,Pharmaton,1895,2019.04.30,Rated Blitz game,d4,Blitz,Tuesday
DrLukas,1271,Rikoko,1257,2019.04.30,Rated Blitz game,d4,Blitz,Tuesday
spicybigmemes,1026,wabourjaili,830,2019.04.30,Rated Blitz game,e4,Blitz,Tuesday
slca1234,1763,Imcomingback,1608,2019.04.30,Rated Blitz game,d4,Blitz,Tuesday
chiefsakh87,1427,DavidContrera,1354,2019.04.30,Rated Bullet game,Nf3,Bullet,Tuesday
PhillipJFarnsworth,1087,twistedric,1060,2019.04.30,Rated Blitz game,d4,Blitz,Tuesday
sbaldi,936,thojon,921,2019.04.30,Rated Blitz game,d4,Blitz,Tuesday
Hmd79,1413,Magnus_77,1500,2019.04.30,Rated Rapid game,e4,Rapid,Tuesday
fnab,1088,RyanDicus,1113,2019.04.30,Rated Bullet game,e4,Bullet,Tuesday
Payne04,2030,lusur,1805,2019.04.30,Rated Blitz tournament https://lichess.org/tournament/toUiqYDi,c4,Blitz,Tuesday
szymonsos,1346,Ixskill,1298,2019.04.30,Rated Rapid game,d4,Rapid,Tuesday
centdsutsou42,2036,FeelThePower,2092,2019.04.30,Rated Rapid game,e4,Rapid,Tuesday
viravato,2092,snp1903,2004,2019.04.30,Rated Rapid game,e4,Rapid,Tuesday
pacoff,2205,The1ThatGotAway,2237,2019.04.30,Rated Blitz game,d4,Blitz,Tuesday
PBP1905,1338,MatheusTunico,1329,2019.04.30,Rated Blitz game,c4,Blitz,Tuesday
f355berlinetta,1486,Luisreyesdelosreyes,1470,2019.04.30,Rated Blitz game,b4,Blitz,Tuesday
CQMian,1098,Zzpepe,1163,2019.04.30,Rated Rapid game,Nc3,Rapid,Tuesday
Sinkasparov,1630,shotarealraul,1250,2019.04.30,Rated Blitz game,e4,Blitz,Tuesday
bysns,1494,Xhandy,1500,2019.04.30,Rated Blitz game,d4,Blitz,Tuesday
itsnemo,1318,enrikasparov,1402,2019.04.30,Rated Blitz game,e4,Blitz,Tuesday
bigweenie,1511,continigian46,1322,2019.04.30,Rated Bullet game,f4,Bullet,Tuesday
peladomonge,1066,johnson2777,1040,2019.04.30,Rated Rapid game,e4,Rapid,Tuesday
DaleACourville,860,A_Dasein,934,2019.04.30,Rated Blitz game,d4,Blitz,Tuesday
nogirlschaseme,935,CowCall,896,2019.04.30,Rated Bullet game,d4,Bullet,Tuesday
jaugusto,1236,Brianm77,1229,2019.04.30,Rated Bullet game,e4,Bullet,Tuesday
DrDreMate,1658,lypos,1622,2019.04.30,Rated Classical game,e4,Classical,Tuesday
AmericanNews,1108,moontotheswim,1098,2019.04.30,Rated Rapid game,d4,Rapid,Tuesday
Bybunalim,1658,larbifion,1602,2019.04.30,Rated Rapid game,e4,Rapid,Tuesday
djupp,1401,JEG76,1403,2019.04.30,Rated Bullet game,d4,Bullet,Tuesday
LOK55,1189,BrandonBieber,1283,2019.04.30,Rated Rapid game,e4,Rapid,Tuesday
alfalfahills,1080,gfmoura,1138,2019.04.30,Rated Rapid game,e4,Rapid,Tuesday
mohamedreda333,1897,heydemo,1732,2019.04.30,Rated Blitz game,c4,Blitz,Tuesday
Cjlampert,1898,Ajedrez_Practico,1500,2019.04.30,Rated Classical game,d4,Classical,Tuesday
otmshank,1552,BryanBaxter,1597,2019.04.30,Rated Blitz game,e4,Blitz,Tuesday
Nooah,2053,UPS_Chess_Club,2084,2019.04.30,Rated Rapid game,e4,Rapid,Tuesday
GHALODADA,1225,eaglef2,1221,2019.04.30,Rated Rapid game,e4,Rapid,Tuesday
michanizm,2012,BigRedMachine,2125,2019.04.30,Rated Blitz game,e4,Blitz,Tuesday
Notch9engr,1545,Lubek155,1587,2019.04.30,Rated Classical game,e4,Classical,Tuesday
vahik2,1569,Pegasus11,1639,2019.04.30,Rated Classical game,d4,Classical,Tuesday
vishyanand05,1667,DimaRamone,1945,2019.04.30,Rated Blitz tournament https://lichess.org/tournament/7XMoG4vj,d4,Blitz,Tuesday
kuanweihuang88228,1632,michaelcupp,1664,2019.04.30,Rated Rapid game,d4,Rapid,Tuesday
pulsar512b,1420,Titonov,1442,2019.04.30,Rated Bullet game,c4,Bullet,Tuesday
Batata_Presley,1557,TomMcFly,1578,2019.04.30,Rated Rapid game,d4,Rapid,Tuesday
chattyp,1223,wannabekasparov,1237,2019.04.30,Rated Blitz game,c4,Blitz,Tuesday
DaviddBalticc_02,1722,Merlys_M20,1733,2019.04.30,Rated Rapid game,e4,Rapid,Tuesday
dojiherbs,1571,Krnja,1492,2019.04.30,Rated Blitz game,d4,Blitz,Tuesday
mpsw,1274,Alwayshyne,1284,2019.04.30,Rated Bullet game,e4,Bullet,Tuesday
ChickoG,1339,MrWayan,1315,2019.04.30,Rated Rapid game,d4,Rapid,Tuesday
agusbon3212,1698,Oscarbarraza,1773,2019.04.30,Rated Blitz game,e4,Blitz,Tuesday
zaferekadardaima,1026,nestorjair,941,2019.04.30,Rated Blitz game,b4,Blitz,Tuesday
oimerx,836,artur204,912,2019.04.30,Rated Blitz game,a4,Blitz,Tuesday
leprechaun34,1198,chetanator,1101,2019.04.30,Rated Bullet game,e4,Bullet,Tuesday
chewym4a2,1295,woopwoop,1248,2019.04.30,Rated Rapid game,e4,Rapid,Tuesday
HouseOf9,1667,Petruska0,1676,2019.04.30,Rated Rapid game,e4,Rapid,Tuesday
ibrahemelharam,1351,amrhekal,1418,2019.04.30,Rated Blitz game,e4,Blitz,Tuesday
billmass,1510,thechampionofsucc,1464,2019.04.30,Rated Blitz game,b3,Blitz,Tuesday
slothmode,1314,The_Eiffel_Flower,1333,2019.04.30,Rated Blitz game,d4,Blitz,Tuesday
ChessDragonPrince,1989,Emekashirov,1866,2019.04.30,Rated Blitz tournament https://lichess.org/tournament/wQNEgYqH,e4,Blitz,Tuesday
arielyx,1614,The_kilickara,1591,2019.04.30,Rated Bullet game,e4,Bullet,Tuesday
Duxsovi,1766,ahmed7s7,1614,2019.04.30,Rated Classical game,e4,Classical,Tuesday
emirozsoy,1357,khattabjhk,1324,2019.04.30,Rated Rapid game,d4,Rapid,Tuesday
amzhassan,1713,HelloChessFriend,1726,2019.04.30,Rated Blitz game,e4,Blitz,Tuesday
Teeny,1701,Jurocka,1579,2019.04.30,Rated Blitz game,d4,Blitz,Tuesday
becedd,1551,onemoreredknightmare,1586,2019.04.30,Rated Rapid game,d4,Rapid,Tuesday
SVLINE1,2051,Martha-MM,2066,2019.04.30,Rated Blitz tournament https://lichess.org/tournament/7XMoG4vj,e4,Blitz,Tuesday
rookceps,1880,frundenyjengen,2000,2019.04.30,Rated Blitz tournament https://lichess.org/tournament/7XMoG4vj,e4,Blitz,Tuesday
papidee03,1552,sschere,1492,2019.04.30,Rated Blitz game,d4,Blitz,Tuesday
Astier,1452,slopoke_morgan,1492,2019.04.30,Rated Bullet game,e4,Bullet,Tuesday
Jkls,1752,JCFER,1591,2019.04.30,Rated Bullet tournament https://lichess.org/tournament/wDoLoKTF,e4,Bullet,Tuesday
Empachers,1933,TOTUSTUUS89,1916,2019.04.30,Rated Rapid game,e4,Rapid,Tuesday
Dr-Abdullab-Thamer,1156,TechSherman,974,2019.04.30,Rated Classical game,d4,Classical,Tuesday
homonkulus,1497,xPerseu,1500,2019.04.30,Rated Classical game,e4,Classical,Tuesday
Roger257y3,1239,mostafa388,1320,2019.04.30,Rated Blitz game,b3,Blitz,Tuesday
marenostrum1,1878,Souza-RC,1894,2019.04.30,Rated Blitz game,d4,Blitz,Tuesday
Jcasino,943,volodyaek,1209,2019.04.30,Rated Blitz game,c4,Blitz,Tuesday
zeziphier,1058,chess_neophyte,1089,2019.04.30,Rated Blitz game,e4,Blitz,Tuesday
Vidam,1798,QhorinHalbhand,1628,2019.04.30,Rated Blitz game,d4,Blitz,Tuesday
ChessSux69,1154,Melik2516,1264,2019.04.30,Rated Rapid game,e4,Rapid,Tuesday
WilliamDann,1246,Tiki-Toekie,1220,2019.04.30,Rated Blitz game,e4,Blitz,Tuesday
NiklasGerdau,1671,Fridelle,1656,2019.04.30,Rated Blitz game,e4,Blitz,Tuesday
attacktheking,1691,ded14,1743,2019.04.30,Rated Rapid game,e4,Rapid,Tuesday
Amurking,1660,NathanGeovane,1666,2019.04.30,Rated Classical game,e4,Classical,Tuesday
WasArt69,2037,chizzlewit,1946,2019.04.30,Rated Bullet game,c4,Bullet,Tuesday
Sniper_Viktor,1601,imurhuckleberry,1605,2019.04.30,Rated Blitz game,d4,Blitz,Tuesday
Darowachin,1475,xmrwhat,1555,2019.04.30,Rated Blitz game,d4,Blitz,Tuesday
Titan123,1701,BulletIsAnalCancer,1485,2019.04.30,Rated UltraBullet game,e4,Bullet,Tuesday
Chantilly11,1206,oliverjordan1,1133,2019.04.30,Rated Bullet game,e4,Bullet,Tuesday
becksi,954,peacebreak3r,1012,2019.04.30,Rated Rapid game,e4,Rapid,Tuesday
Doug_Willson,1516,HaptRec,1473,2019.05.01,Rated Classical game,e4,Classical,Wednesday
carlsen_guima,1110,chessnikola,1288,2019.05.01,Rated Bullet game,e4,Bullet,Wednesday
atlantisdetarantola,959,NesciO,997,2019.05.01,Rated Bullet game,g3,Bullet,Wednesday
product786,1300,pedroborgess,1252,2019.05.01,Rated Bullet game,e4,Bullet,Wednesday
Cherny_Rytsar,2209,pacoff,2218,2019.05.01,Rated Blitz game,e4,Blitz,Wednesday
karrrim,1572,Airon8,1844,2019.05.01,Rated Rapid game,d4,Rapid,Wednesday
Alex6662,1351,magnous,1455,2019.05.01,Rated Blitz game,e4,Blitz,Wednesday
Xiofang,1066,rockytikkitavi,1110,2019.05.01,Rated Blitz game,d4,Blitz,Wednesday
jonsmith16,1214,zeki34,1223,2019.05.01,Rated Blitz game,b3,Blitz,Wednesday
ChessAtNight,1670,Grand-Mpilos,1762,2019.05.01,Rated Rapid game,d4,Rapid,Wednesday
sharpbuns,1334,Alevaspan,1353,2019.05.01,Rated Rapid game,e4,Rapid,Wednesday
morpfisch,1510,maistor_tri4ko,1442,2019.05.01,Rated Bullet tournament https://lichess.org/tournament/lzWANwfE,e4,Bullet,Wednesday
garrulle,1311,MrCaligari,1348,2019.05.01,Rated Bullet tournament https://lichess.org/tournament/lzWANwfE,d4,Bullet,Wednesday
Ribit723,1206,mehboy,1115,2019.05.01,Rated Blitz game,e4,Blitz,Wednesday
Semyorka,2116,Jupp64,2145,2019.05.01,Rated Blitz game,c3,Blitz,Wednesday
hunter504,1489,mikkel12354,1503,2019.05.01,Rated Classical game,c4,Classical,Wednesday
Pharmaton,1870,juliochess,1945,2019.05.01,Rated Blitz game,d4,Blitz,Wednesday
Werdna2016,1670,noddleislander,1643,2019.05.01,Rated Rapid game,e4,Rapid,Wednesday
ramanito,1299,ElJoker23,1328,2019.05.01,Rated Blitz game,e4,Blitz,Wednesday
ArthurCK,1639,huseyinsahut,1675,2019.05.01,Rated Blitz game,e4,Blitz,Wednesday
NoodleIncident,1613,miladsheikhha,1633,2019.05.01,Rated Classical game,e4,Classical,Wednesday
Magnifico_E,1802,Camiil,1779,2019.05.01,Rated Rapid game,d4,Rapid,Wednesday
HightMike,1593,emersonlakeandlagoon,1476,2019.05.01,Rated Classical game,d4,Classical,Wednesday
rutenio11,1531,kiki2325,1362,2019.05.01,Rated Blitz game,a3,Blitz,Wednesday
verdao1965,1478,makzie1,1355,2019.05.01,Rated Blitz game,d4,Blitz,Wednesday
cneo21,1667,Biberon,1578,2019.05.01,Rated Bullet game,e4,Bullet,Wednesday
kongenavvoss,1115,Golgii,1165,2019.05.01,Rated Blitz game,e4,Blitz,Wednesday
joinkers,1013,Zzoro16,1011,2019.05.01,Rated Classical game,e4,Classical,Wednesday
s_manga16,1161,Gurqa,1202,2019.05.01,Rated Classical game,e4,Classical,Wednesday
AwareTenacious2,1708,acecalamity,1550,2019.05.01,Rated Blitz game,d4,Blitz,Wednesday
Madeldola,1676,Lomet,1537,2019.05.01,Rated Classical game,e4,Classical,Wednesday
JeanBg,1028,nikiepor,1035,2019.05.01,Rated Bullet game,e4,Bullet,Wednesday
Shelena,1990,hawth0rne,2221,2019.05.01,Rated Blitz game,c4,Blitz,Wednesday
flavourgelo,965,mirzasyahmi,994,2019.05.01,Rated Classical game,Nc3,Classical,Wednesday
pherease,926,lockos,887,2019.05.01,Rated Blitz game,e4,Blitz,Wednesday
RGSW19,1471,luizbraudes,1429,2019.05.01,Rated Bullet game,d4,Bullet,Wednesday
Naguro,1694,rezavahabi8,1689,2019.05.01,Rated Blitz game,d4,Blitz,Wednesday
ElJoker23,1436,onedii,1411,2019.05.01,Rated Blitz game,d4,Blitz,Wednesday
cesbenas0,1273,artillero,1267,2019.05.01,Rated Rapid game,d4,Rapid,Wednesday
cy1,1535,dinug,1607,2019.05.01,Rated Blitz game,e4,Blitz,Wednesday
BrandonBieber,1166,ashishkapadia,1141,2019.05.01,Rated Bullet game,e4,Bullet,Wednesday
inacio0007,1485,Add1x,1369,2019.05.01,Rated Rapid game,d4,Rapid,Wednesday
acrosunset,1561,yalis,1555,2019.05.01,Rated Blitz game,e4,Blitz,Wednesday
daengtiro59,1139,Marcinek90,1166,2019.05.01,Rated Bullet game,e4,Bullet,Wednesday
yoitsjmoney,1359,arsenios,1427,2019.05.01,Rated Rapid game,e4,Rapid,Wednesday
MPJ412,1695,Mesabinks,1561,2019.05.01,Rated Blitz game,b3,Blitz,Wednesday
Lincoln1,1792,alekhyne,1770,2019.05.01,Rated Blitz game,e4,Blitz,Wednesday
Amurking,1713,Blahunderfull,1580,2019.05.01,Rated Classical game,e4,Classical,Wednesday
komlanvi,2203,epicandy131313,2316,2019.05.01,Rated Blitz game,d4,Blitz,Wednesday
damak,1397,banaburdaiyibakilsin,1392,2019.05.01,Rated Rapid game,e4,Rapid,Wednesday
Yaly29,1386,AffectiveElf372,1463,2019.05.01,Rated Blitz game,e4,Blitz,Wednesday
carlsen52,1346,nkulevo,1358,2019.05.01,Rated Blitz game,d4,Blitz,Wednesday
hemantrathi,1295,ItsGoodPeople,1261,2019.05.01,Rated Blitz game,e4,Blitz,Wednesday
mctubby,1583,geniuschess1994,1642,2019.05.01,Rated Blitz game,d4,Blitz,Wednesday
saulc07,1117,NotComplicated,1075,2019.05.01,Rated Blitz game,d4,Blitz,Wednesday
Professor_Bobr,1586,semaj410,1570,2019.05.01,Rated Blitz game,e4,Blitz,Wednesday
Payne04,2183,brotherman1964,1416,2019.05.01,Rated Rapid tournament https://lichess.org/tournament/37jJntkO,d4,Rapid,Wednesday
murphyc270,1216,Melik2516,1260,2019.05.01,Rated Rapid game,d4,Rapid,Wednesday
kracha995,1285,ManaMitchell,1162,2019.05.01,Rated Rapid game,e4,Rapid,Wednesday
hus29,1451,mjolnir42,1397,2019.05.01,Rated Rapid game,d3,Rapid,Wednesday
KyleDurr,1199,amazin1983,1154,2019.05.01,Rated Rapid game,d4,Rapid,Wednesday
gongru,1823,MrClownFox,1759,2019.05.01,Rated Bullet game,e4,Bullet,Wednesday
victorperson999,1611,churrochess,1429,2019.05.01,Rated UltraBullet game,d4,Bullet,Wednesday
Kristina288,1543,guerrerodial,1541,2019.05.01,Rated Blitz game,e4,Blitz,Wednesday
saeidgolmohamadi,1797,Mariscal850,2129,2019.05.01,Rated Rapid tournament https://lichess.org/tournament/37jJntkO,d4,Rapid,Wednesday
Egovv64,2049,marlei,1755,2019.05.01,Rated Blitz tournament https://lichess.org/tournament/kpxwe06y,f4,Blitz,Wednesday
garrulle,1317,d123d,1313,2019.05.01,Rated Bullet tournament https://lichess.org/tournament/lzWANwfE,e4,Bullet,Wednesday
MiniMassimino,1240,badwan94,1240,2019.05.01,Rated Rapid game,e4,Rapid,Wednesday
TheAdventMaster,1108,victor_87,1101,2019.05.01,Rated Classical game,d4,Classical,Wednesday
Rosaschweig,1951,sokolovchik,2129,2019.05.01,Rated Bullet tournament https://lichess.org/tournament/QLp882Pw,e4,Bullet,Wednesday
TwiKnight,1882,Passarim,1810,2019.05.01,Rated Classical game,e4,Classical,Wednesday
mack1441,820,MTeles,951,2019.05.01,Rated Rapid game,e4,Rapid,Wednesday
fquinonezvillagran,1431,sunny149br,1436,2019.05.01,Rated Rapid game,e4,Rapid,Wednesday
QasimArshad,1066,Ironman-is-dead,1051,2019.05.01,Rated Blitz game,e4,Blitz,Wednesday
rknop,800,Gesmar,947,2019.05.01,Rated Blitz game,e4,Blitz,Wednesday
ahmetduygun,1349,Leonardo1995,1374,2019.05.01,Rated Classical game,d4,Classical,Wednesday
xpto051,1263,mrvostok,1208,2019.05.01,Rated Classical game,e4,Classical,Wednesday
darkestcloud,1343,flamemaster51,1442,2019.05.01,Rated Bullet tournament https://lichess.org/tournament/lzWANwfE,e4,Bullet,Wednesday
nopants182,1298,gachnar,1205,2019.05.01,Rated Blitz game,e4,Blitz,Wednesday
DrSkunkenstein,1487,LessThanThree,1608,2019.05.01,Rated Blitz game,e4,Blitz,Wednesday
sercawana,1241,jcbstarks,1238,2019.05.01,Rated Rapid game,c4,Rapid,Wednesday
mahsumograk,889,MinimalistMonkey,1118,2019.05.01,Rated Bullet game,e4,Bullet,Wednesday
Ahmet1610,1421,Skarveed,1390,2019.05.01,Rated Blitz game,c4,Blitz,Wednesday
kamudhar,880,sammmy123,1132,2019.05.01,Rated Bullet game,e4,Bullet,Wednesday
dressrosa7,1051,lucasm145,1043,2019.05.01,Rated Bullet game,c4,Bullet,Wednesday
colonelforbin,1404,Dr-morales,1455,2019.05.01,Rated Blitz game,e4,Blitz,Wednesday
MikkiWoolf67,1550,Tony8819,1538,2019.05.01,Rated Blitz game,e4,Blitz,Wednesday
TheTmsD,1329,PallasCatManul,1295,2019.05.01,Rated Bullet game,e4,Bullet,Wednesday
NimzoBros,2128,soymasmaloqueelsida,1983,2019.05.01,Rated Bullet game,e4,Bullet,Wednesday
Gallo_con_Tennis,1374,PitifulMagikarp,1372,2019.05.01,Rated Blitz game,e4,Blitz,Wednesday
AliNaji,1200,chessplayercx,1500,2019.05.01,Rated Blitz game,e3,Blitz,Wednesday
yeterikadaroldu,1241,chopa92,1108,2019.05.01,Rated Bullet game,e4,Bullet,Wednesday
alexbarnabas,1140,neww553,1190,2019.05.01,Rated Blitz game,Nf3,Blitz,Wednesday
spyhunter357,1253,Gavoh,1215,2019.05.01,Rated Rapid game,e4,Rapid,Wednesday
Red_Knight71,1345,sakakis,1232,2019.05.01,Rated Bullet game,d4,Bullet,Wednesday
Chempiblinka,2061,GAGlez60,1815,2019.05.01,Rated Blitz tournament https://lichess.org/tournament/CrluLoX6,d4,Blitz,Wednesday
Hodor08,1689,Pete14Pete,1644,2019.05.01,Rated Blitz game,e4,Blitz,Wednesday
Harry_Chimpo,1704,jordanplayschess,1780,2019.05.01,Rated Blitz game,c4,Blitz,Wednesday
hanslanda99,840,alcq,1038,2019.05.01,Rated Bullet game,d4,Bullet,Wednesday
ceratti,1449,Zhokxu_girl-easy,1500,2019.05.01,Rated Blitz game,Nf3,Blitz,Wednesday
Blahunderfull,1593,HightMike,1580,2019.05.01,Rated Classical game,e4,Classical,Wednesday
CrocodileDundee,1731,Mdk57,1838,2019.05.01,Rated Blitz tournament https://lichess.org/tournament/jbJYGxqm,e4,Blitz,Wednesday
naitdawgg,1568,amwhere,1528,2019.05.01,Rated Classical game,e4,Classical,Wednesday
TRCowell,1236,scarboroughfair,2020,2019.05.01,Rated Blitz tournament https://lichess.org/tournament/CrluLoX6,e4,Blitz,Wednesday
surfer_los_pozos,1442,guillee,1501,2019.05.01,Rated Rapid tournament https://lichess.org/tournament/j0K4qoYR,d4,Rapid,Wednesday
MJColdwell,1615,colca1970,1696,2019.05.01,Rated Blitz game,e4,Blitz,Wednesday
ChessDrums,1890,beika,1935,2019.05.01,Rated Bullet game,e4,Bullet,Wednesday
OfficialMane,1343,jucifel17,1318,2019.05.01,Rated Classical game,d4,Classical,Wednesday
Apoteose,1106,RazGaroth,1121,2019.05.01,Rated Blitz game,e4,Blitz,Wednesday
betros20000,1500,Tageto,1490,2019.05.01,Rated Blitz game,e4,Blitz,Wednesday
JMP59,1451,shulac,1509,2019.05.01,Rated Blitz game,e4,Blitz,Wednesday
Helltruthcom,1981,lengalenga,2122,2019.05.01,Rated Blitz game,a3,Blitz,Wednesday
GracianoX,1405,Prohazka,1417,2019.05.01,Rated Blitz game,d4,Blitz,Wednesday
Rafael_Apoliano,1335,jordanhudson,1313,2019.05.01,Rated Classical game,e4,Classical,Wednesday
PedroK08,1471,WFNBB,1500,2019.05.01,Rated Classical game,e4,Classical,Wednesday
Zahid01,1934,Malonda,1833,2019.05.01,Rated Bullet game,e4,Bullet,Wednesday
Fiora22,1014,Solaza,1075,2019.05.01,Rated Rapid game,f4,Rapid,Wednesday
JulianBandorf,1169,bemin_dawoud,1171,2019.05.01,Rated Blitz game,e4,Blitz,Wednesday
softouch,1596,j_hussen,1859,2019.05.01,Rated Bullet tournament https://lichess.org/tournament/izbUUDuO,e4,Bullet,Wednesday
DDavis77722,996,u01cmi15,986,2019.05.01,Rated Rapid game,d4,Rapid,Wednesday
SeriguelAzul,1993,maestroPDA,1957,2019.05.01,Rated Blitz game,e4,Blitz,Wednesday
UselessIdiot,1614,kuririnunesp1,1541,2019.05.01,Rated Classical game,e4,Classical,Wednesday
notcoolnickname,1473,PlayHumblePlease,1478,2019.05.01,Rated Blitz game,c4,Blitz,Wednesday
Peonalacecho,1015,AMachado99,1003,2019.05.01,Rated Blitz game,Nf3,Blitz,Wednesday
SBoticcelli,959,enriquehalves,897,2019.05.01,Rated Blitz game,e4,Blitz,Wednesday
Bigadiclee,848,doofuslarge,925,2019.05.01,Rated Blitz game,e4,Blitz,Wednesday
gavrilus,1158,DoctorPollito,1013,2019.05.01,Rated Classical game,e4,Classical,Wednesday
MRN990,1223,ankizfss,1198,2019.05.01,Rated Bullet game,e4,Bullet,Wednesday
harlejulien97,2071,ogeidyjes,1990,2019.05.01,Rated Blitz game,e4,Blitz,Wednesday
pekiradovic,2011,jonhs,1901,2019.05.01,Rated Bullet game,d4,Bullet,Wednesday
ballcat,1512,SasaBelgrade,1557,2019.05.01,Rated Blitz game,e4,Blitz,Wednesday
omranbdh,1066,AmicusCuriae,1078,2019.05.01,Rated Rapid game,e4,Rapid,Wednesday
Magos_Ordo_Reductor,1555,Baz1l,1579,2019.05.01,Rated Classical game,e4,Classical,Wednesday
elfuzaocabecudo,1372,Diegomauri,1338,2019.05.01,Rated Blitz game,e4,Blitz,Wednesday
RCRISTIAN,1125,Abisaicr,1055,2019.05.01,Rated Bullet game,e4,Bullet,Wednesday
DougieB,1629,Danmcgiver05,1613,2019.05.01,Rated Rapid game,e4,Rapid,Wednesday
babakao,1014,Eliandrad,971,2019.05.01,Rated Blitz game,e4,Blitz,Wednesday
reta2018,1514,m3et,1288,2019.05.01,Rated Rapid game,d4,Rapid,Wednesday
LIEME06,2224,Quaidartois,2031,2019.05.01,Rated Bullet tournament https://lichess.org/tournament/izbUUDuO,c4,Bullet,Wednesday
WightUnderscore,1448,Bafetimbi,1443,2019.05.01,Rated Rapid game,e4,Rapid,Wednesday
maluf,1310,panchit015,1310,2019.05.01,Rated Blitz game,e4,Blitz,Wednesday
knightmare74,1671,Nikterstein,1655,2019.05.01,Rated Blitz tournament https://lichess.org/tournament/jbJYGxqm,e4,Blitz,Wednesday
jbtorris,1503,GLK23,1556,2019.05.01,Rated Rapid game,c4,Rapid,Wednesday
Axlh_11,1202,wilbito,1158,2019.05.01,Rated Classical game,e4,Classical,Wednesday
Butterfly03,1332,relopezil,1335,2019.05.01,Rated Blitz game,d4,Blitz,Wednesday
IRONMANFORTALEZA,1886,predas_fighter,1869,2019.05.01,Rated Blitz game,e4,Blitz,Wednesday
lyon18,1439,Manyonero,1480,2019.05.01,Rated Blitz game,e4,Blitz,Wednesday
DjTrashCap,1685,msony007,1648,2019.05.01,Rated Rapid game,e4,Rapid,Wednesday
cucurbio,1498,zensin,1500,2019.05.01,Rated Blitz game,d4,Blitz,Wednesday
darnell1984,1608,ahvitu,1666,2019.05.01,Rated Rapid game,d4,Rapid,Wednesday
vmakar1,1677,salveee,1470,2019.05.01,Rated Blitz tournament https://lichess.org/tournament/CrluLoX6,d4,Blitz,Wednesday
isyroqi06,1694,sandstoneandsteel,1678,2019.05.01,Rated Classical game,e4,Classical,Wednesday
Ledakov_Alexandr,2311,Maartenols,2200,2019.05.01,Rated Bullet game,d4,Bullet,Wednesday
fuma,1455,brotherman1964,1390,2019.05.01,Rated Rapid tournament https://lichess.org/tournament/37jJntkO,d4,Rapid,Wednesday
GeovanneWolf,1008,TeoOkeefe,1122,2019.05.01,Rated Blitz game,e4,Blitz,Wednesday
Miguel_SkinInTheGame,1169,maksnew,944,2019.05.01,Rated Rapid game,e4,Rapid,Wednesday
Prestidigitador,1900,Billy-Jiraya,1857,2019.05.01,Rated Blitz game,e4,Blitz,Wednesday
bintang12,1239,henry_hcd,1264,2019.05.01,Rated Rapid game,c3,Rapid,Wednesday
thulio,1776,aguagelada,1827,2019.05.01,Rated Rapid game,e4,Rapid,Wednesday
Zubatka,1887,Tilgian,1913,2019.05.01,Rated Blitz game,e4,Blitz,Wednesday
mamink,2039,iamgermanshepherd,2022,2019.05.01,Rated Rapid game,e4,Rapid,Wednesday
DudaMyrage,1639,kingdaddy,1693,2019.05.01,Rated Rapid game,d4,Rapid,Wednesday
NewOldLife,1611,marmalades,1113,2019.05.01,Rated Rapid tournament https://lichess.org/tournament/j0K4qoYR,g3,Rapid,Wednesday
xtreamz,1214,dbwagner,1002,2019.05.01,Rated Blitz tournament https://lichess.org/tournament/jbJYGxqm,c4,Blitz,Wednesday
brightraven,1533,EgilsDrups,1420,2019.05.01,Rated Bullet game,Nf3,Bullet,Wednesday
MoisesPinho,1613,Zhylko,1565,2019.05.01,Rated Classical game,e4,Classical,Wednesday
maestroy3k,1859,rliu347,1807,2019.05.01,Rated Rapid game,e4,Rapid,Wednesday
AcridFountain,1279,artillero,1256,2019.05.01,Rated Rapid game,c4,Rapid,Wednesday
insane4j,1405,is-55,1570,2019.05.01,Rated Blitz game,e4,Blitz,Wednesday
shiva13vinjamuri,1670,matheus0909,1674,2019.05.01,Rated Rapid game,d4,Rapid,Wednesday
neeuQdrawyaW,1274,anggelosilva,1288,2019.05.01,Rated Blitz game,e4,Blitz,Wednesday
zoiasso,1146,G_master_89,1170,2019.05.01,Rated Blitz game,c4,Blitz,Wednesday
MANIGOLDDO,1736,rezavahabi8,1679,2019.05.01,Rated Blitz game,d4,Blitz,Wednesday
marcos1135,911,Alberto1239,898,2019.05.01,Rated Blitz game,c4,Blitz,Wednesday
Dieguinho1612,1431,writXL,1457,2019.05.01,Rated Blitz game,d4,Blitz,Wednesday
abyg-oglu,1333,Gorsz,1325,2019.05.01,Rated Classical game,e4,Classical,Wednesday
nroyero,1656,hiddenplayer2019,1741,2019.05.01,Rated Blitz game,d4,Blitz,Wednesday
DemonsPork,1693,samjaona,1632,2019.05.01,Rated Classical game,e4,Classical,Wednesday
joyce8,1199,think_well01,1285,2019.05.01,Rated Rapid game,e4,Rapid,Wednesday
alejoog12,1286,RDVisual,1265,2019.05.01,Rated Blitz game,d4,Blitz,Wednesday
dictator_waleed,1465,jamesusername,1442,2019.05.01,Rated Blitz game,f4,Blitz,Wednesday
cevdet33,1602,Notch9engr,1547,2019.05.01,Rated Classical game,d4,Classical,Wednesday
ELRUSIIO,1337,Lime_Leaf,1410,2019.05.01,Rated Classical game,e4,Classical,Wednesday
sineman,1689,Mattsk,1733,2019.05.01,Rated Blitz game,d4,Blitz,Wednesday
VincentoSantu,1611,spaghetti-fault,1633,2019.05.01,Rated Blitz game,a3,Blitz,Wednesday
Rlec,1484,jonathanmmmayer,1498,2019.05.01,Rated Rapid game,d4,Rapid,Wednesday
Shweetz,1361,vichuque,1343,2019.05.01,Rated Blitz game,e4,Blitz,Wednesday
Dr-Abdullab-Thamer,1060,Qedirikoo,1140,2019.05.01,Rated Rapid game,g3,Rapid,Wednesday
NaturalBamboo,1628,steve4000,1681,2019.05.01,Rated Rapid game,d4,Rapid,Wednesday
moron97,1857,son_kisot,1836,2019.05.01,Rated Blitz game,e4,Blitz,Wednesday
warrace,1433,Badlanguageboi,1437,2019.05.01,Rated Rapid game,e4,Rapid,Wednesday
Hakimmca,1247,a314sces,1316,2019.05.01,Rated Bullet game,e4,Bullet,Wednesday
ZeuqirneH,2051,vonkalbersinger,2135,2019.05.01,Rated Blitz game,d4,Blitz,Wednesday
dimaria2018,2177,Avenger_1,2055,2019.05.01,Rated Blitz game,d4,Blitz,Wednesday
m10658,1722,romanoju,1709,2019.05.01,Rated Rapid game,d4,Rapid,Wednesday
Sturgeon2015,1768,EDAMJR,1723,2019.05.01,Rated Classical game,e4,Classical,Wednesday
Khover,1554,arieltupara,1493,2019.05.01,Rated Blitz game,e4,Blitz,Wednesday
chj02,1360,zorropolar,1421,2019.05.01,Rated Rapid game,e4,Rapid,Wednesday
Keibel,1463,superAzer2,1438,2019.05.01,Rated Rapid game,d4,Rapid,Wednesday
Tai_Adewoye,1027,Macferraz,1074,2019.05.01,Rated Blitz game,e4,Blitz,Wednesday
EzepmCuba,1550,fabrizio_del_dongo,1552,2019.05.01,Rated Bullet game,e4,Bullet,Wednesday
VilasSchneider,1246,tdowns,1256,2019.05.01,Rated Classical game,e4,Classical,Wednesday
naifotb,1370,chouaib03,1446,2019.05.01,Rated Bullet game,e4,Bullet,Wednesday
ocdjunior,1902,Trolker1993,1923,2019.05.01,Rated Rapid tournament https://lichess.org/tournament/YpK5oFr7,d4,Rapid,Wednesday
gnatfatcat,1579,jonny621,1676,2019.05.01,Rated Blitz game,d4,Blitz,Wednesday
amintaktaz,2087,sb25india,1935,2019.05.01,Rated Bullet game,d4,Bullet,Wednesday
Psity,1292,eastlobasso,1244,2019.05.01,Rated Blitz game,e4,Blitz,Wednesday
FlyingV1990,1488,Cursion,1528,2019.05.01,Rated Classical game,e4,Classical,Wednesday
jefish003,1124,dbwagner,986,2019.05.01,Rated Blitz tournament https://lichess.org/tournament/xzh3jCGN,c4,Blitz,Wednesday
xlote,1815,gambitoq,1686,2019.05.01,Rated Blitz game,e4,Blitz,Wednesday
pgmanuel,974,whitefly,971,2019.05.01,Rated Rapid game,d3,Rapid,Wednesday
MaximusAquinas,1434,Sakhri,1489,2019.05.01,Rated Blitz game,d4,Blitz,Wednesday
cooder29,1877,a1harry,1861,2019.05.01,Rated Blitz game,d4,Blitz,Wednesday
miladvanoosten,1484,PedroL26,1555,2019.05.01,Rated Classical game,e4,Classical,Wednesday
calexander,1904,Run_King_Run,1933,2019.05.01,Rated UltraBullet tournament https://lichess.org/tournament/VOGK0mfP,d4,Bullet,Wednesday
InfiniteTakebacks,1487,kssaidd,1504,2019.05.01,Rated Rapid game,d4,Rapid,Wednesday
RONIEL,1746,rainywalk,1140,2019.05.01,Rated Blitz tournament https://lichess.org/tournament/p3i2ug7u,d4,Blitz,Wednesday
StrategoAttack,1317,killersold,1500,2019.05.01,Rated Classical game,e4,Classical,Wednesday
fatsah,1793,adinsx,1889,2019.05.01,Rated Classical game,d4,Classical,Wednesday
Vyaches,1762,aisefr1,1604,2019.05.01,Rated Blitz game,d4,Blitz,Wednesday
Mattakushi,1929,GynBR,1921,2019.05.01,Rated Blitz game,d4,Blitz,Wednesday
Badfish77,1479,jfargnol,1445,2019.05.01,Rated Rapid game,e4,Rapid,Wednesday
anti-goliath,1622,Darettl,1638,2019.05.01,Rated Bullet game,e4,Bullet,Wednesday
GerLatte19,1569,pedepano0,1662,2019.05.01,Rated Classical game,d4,Classical,Wednesday
nafez73,1849,Y_Fingolfin,1732,2019.05.01,Rated Bullet game,e4,Bullet,Wednesday
Kubcioo,1662,Linero,1392,2019.05.01,Rated Rapid game,e4,Rapid,Wednesday
astaren,1924,PDrDQHieu95,1924,2019.05.01,Rated Blitz game,e4,Blitz,Wednesday
Guseven,1398,TMonte44,1405,2019.05.01,Rated Rapid game,d4,Rapid,Wednesday
ajk78,1570,KorchiChess,1668,2019.05.01,Rated Classical game,d4,Classical,Wednesday
Kyrie-GM-Irving,1537,Mrva12,1463,2019.05.01,Rated Blitz game,e4,Blitz,Wednesday
serch7319,1794,maurileda,1689,2019.05.01,Rated Blitz game,d4,Blitz,Wednesday
kayee,1423,maya98,1387,2019.05.01,Rated Rapid game,d4,Rapid,Wednesday
fernandoMI,1500,el-rey-palomo,1474,2019.05.01,Rated Classical game,f4,Classical,Wednesday
Pedrovpds,1875,saeren,1875,2019.05.01,Rated Blitz game,e4,Blitz,Wednesday
w411-3,1402,Rob_schuina,1396,2019.05.01,Rated Bullet game,e4,Bullet,Wednesday
mehrdadn,1674,d56g,1819,2019.05.01,Rated Rapid game,e4,Rapid,Wednesday
Reeko,1383,draw8t,1382,2019.05.01,Rated Blitz game,e4,Blitz,Wednesday
Juanes1401_elmejor,1981,w-s-keserovic,1891,2019.05.01,Rated Rapid tournament https://lichess.org/tournament/37jJntkO,d4,Rapid,Wednesday
harimati,1872,tom81291,1850,2019.05.01,Rated Rapid game,e4,Rapid,Wednesday
lolmaxman,1838,fuchser,1525,2019.05.01,Rated UltraBullet game,d3,Bullet,Wednesday
JuandeUruguay,1686,jshaud,1606,2019.05.01,Rated Rapid game,d4,Rapid,Wednesday
BigFatAndDumb,1163,Nelsonsown,1410,2019.05.01,Rated Blitz game,e4,Blitz,Wednesday
PM15DT58chief4LYF,1451,julesjulian,1378,2019.05.01,Rated Blitz game,d4,Blitz,Wednesday
Ojey,1139,bobboy44,1151,2019.05.01,Rated Rapid game,Nf3,Rapid,Wednesday
spacemudd,815,LeftyVaulx,1124,2019.05.01,Rated Bullet game,e4,Bullet,Wednesday
alex08_koval,1225,Quasii550,1456,2019.05.01,Rated Bullet game,e4,Bullet,Wednesday
tcszabo,1200,Ahmed_S_Mekki,1118,2019.05.01,Rated Bullet game,e4,Bullet,Wednesday
Droppedlikeitshot,1251,simonV,1214,2019.05.01,Rated Rapid game,e4,Rapid,Wednesday
vape14,1132,facooo,1157,2019.05.01,Rated Blitz game,e4,Blitz,Wednesday
Halilibrahim84,1774,nasmith99,1770,2019.05.01,Rated Classical game,e4,Classical,Wednesday
Pirataria_braba,1047,domi1121,1182,2019.05.01,Rated Blitz game,d4,Blitz,Wednesday
JuanJim63,1500,Nduja-picante29,1485,2019.05.01,Rated Bullet game,d4,Bullet,Wednesday
NIEVES05,1276,melasium,1307,2019.05.01,Rated Blitz game,e4,Blitz,Wednesday
Rosaschweig,1975,Arm-Boy,2200,2019.05.01,Rated Bullet tournament https://lichess.org/tournament/mGqSUBt3,b3,Bullet,Wednesday
timurtelibayev,1937,bchess1,1401,2019.05.01,Rated Rapid tournament https://lichess.org/tournament/37jJntkO,d4,Rapid,Wednesday
landru428,1249,Darkknight200,1380,2019.05.01,Rated Bullet game,e4,Bullet,Wednesday
plt1aco127,1588,gabrielshorn,1661,2019.05.01,Rated Blitz game,g4,Blitz,Wednesday
poliptoto,1500,ricojlou,1572,2019.05.01,Rated Blitz game,d4,Blitz,Wednesday
mgnuis,1474,eli9A,1432,2019.05.01,Rated Rapid game,e4,Rapid,Wednesday
Enghave,1562,m10658,1733,2019.05.01,Rated Rapid tournament https://lichess.org/tournament/YpK5oFr7,e4,Rapid,Wednesday
ShinraTenseiUS,1198,khinnenk,1197,2019.05.01,Rated Classical game,e4,Classical,Wednesday
elentriel,1637,MainKnight,1583,2019.05.01,Rated Bullet game,e4,Bullet,Wednesday
aleksey-2014,1572,Ulise,1359,2019.05.01,Rated Rapid game,d4,Rapid,Wednesday
doom4,1464,gnasty_gnork,1123,2019.05.01,Rated Blitz tournament https://lichess.org/tournament/xzh3jCGN,d4,Blitz,Wednesday
daniloleon,1480,marcelosilvambc,1288,2019.05.01,Rated Classical game,e4,Classical,Wednesday
Nia4698,1512,DYADYA36,1738,2019.05.01,Rated Rapid game,e4,Rapid,Wednesday
Cabballero,1480,richardcamargomena,1448,2019.05.01,Rated Blitz game,e4,Blitz,Wednesday
Nacho_M,885,AMachado99,969,2019.05.01,Rated Blitz game,e4,Blitz,Wednesday
marlguatz18,2014,Sour_Wine,1930,2019.05.01,Rated Bullet game,e4,Bullet,Wednesday
gonikosael1,2012,heinrichthefourth,2048,2019.05.01,Rated Blitz game,e4,Blitz,Wednesday
Ima_Damian,925,Abisaicr,961,2019.05.01,Rated Bullet game,c3,Bullet,Wednesday
GustavoDcs,1119,HELIOH87,1096,2019.05.01,Rated Rapid game,e4,Rapid,Wednesday
Magnus_4,1535,Ldoren,1559,2019.05.01,Rated Rapid game,e4,Rapid,Wednesday
Cury55,1639,ContraFluxo,1619,2019.05.01,Rated Blitz game,Nf3,Blitz,Wednesday
APAO,1592,ahnedahmed,1578,2019.05.01,Rated Rapid game,e4,Rapid,Wednesday
zkenyon,1640,ThreeofSeven,1788,2019.05.01,Rated Blitz game,e4,Blitz,Wednesday
potsy722,1917,Mijail12,1929,2019.05.01,Rated Bullet game,e4,Bullet,Wednesday
cive51,1670,josemedina,1641,2019.05.01,Rated Rapid game,d4,Rapid,Wednesday
vpp18,1652,Scourge95,1638,2019.05.01,Rated Classical game,e4,Classical,Wednesday
PAFH,1970,Juanes1401_elmejor,1991,2019.05.01,Rated Rapid tournament https://lichess.org/tournament/37jJntkO,e4,Rapid,Wednesday
Swedemax,1557,GoneFisching999,1563,2019.05.01,Rated Rapid game,d4,Rapid,Wednesday
sircooksalot,1091,science_man_88,1175,2019.05.01,Rated Blitz game,e4,Blitz,Wednesday
Big_Fluff,1532,SONLAKERS,1500,2019.05.01,Rated Blitz game,e4,Blitz,Wednesday
CPerales8,1350,Wolledrogeneahme,1444,2019.05.01,Rated Bullet game,g3,Bullet,Wednesday
CreTzulea,1433,marcelosilvambc,1408,2019.05.01,Rated Classical game,e4,Classical,Wednesday
rybka777,1603,amwhere,1558,2019.05.01,Rated Classical game,e4,Classical,Wednesday
uri_fh,1518,eparker3d,1378,2019.05.01,Rated Rapid game,e4,Rapid,Wednesday
Nekomata00,1509,Rickranger,1520,2019.05.01,Rated Classical game,e4,Classical,Wednesday
coolastro1000,1208,brucewayneb,1233,2019.05.01,Rated Bullet game,f4,Bullet,Wednesday
TbirdV,1699,smontur,1713,2019.05.01,Rated Rapid game,e4,Rapid,Wednesday
JRFP,1313,Haffalafel,1312,2019.05.01,Rated Classical game,e4,Classical,Wednesday
JoaoG_Alves,1682,WilliamShookspear,1715,2019.05.01,Rated Blitz game,e4,Blitz,Wednesday
AlPachento,1516,DaJuukes,1521,2019.05.01,Rated Blitz game,e4,Blitz,Wednesday
Roge93,1473,jayawantRB,1449,2019.05.01,Rated Rapid game,e4,Rapid,Wednesday
BlameTheJuice,1454,Carlos_Bonifacio_Ar,1402,2019.05.01,Rated Blitz game,e4,Blitz,Wednesday
Vonjo,1351,SunlightCuresCancer,1315,2019.05.01,Rated Classical game,Nf3,Classical,Wednesday
MarcNarciso,2535,JuanCGlez,2552,2019.05.01,Rated Bullet game,Nf3,Bullet,Wednesday
Woodey,1321,Mr-K,1422,2019.05.01,Rated Blitz game,e4,Blitz,Wednesday
LosPishiis,1104,stardost75,1170,2019.05.01,Rated Blitz game,e4,Blitz,Wednesday
Syahrul-lampung-ID,1857,monicamagdy7000,1849,2019.05.01,Rated Blitz game,g3,Blitz,Wednesday
svectacular1,1915,chancellor8,1946,2019.05.01,Rated Bullet game,f4,Bullet,Wednesday
fjaccoud,925,Julio154,1129,2019.05.01,Rated Bullet game,e4,Bullet,Wednesday
szymonsos,1417,HNovais,1314,2019.05.01,Rated Rapid game,e4,Rapid,Wednesday
d7t3f,1132,renatoshow44,1127,2019.05.01,Rated Blitz game,e4,Blitz,Wednesday
Mojjo,1176,Caillouq,1185,2019.05.01,Rated Blitz game,d4,Blitz,Wednesday
GeraldSam,1348,Daniel1064,1376,2019.05.01,Rated Rapid game,e4,Rapid,Wednesday
TwiKnight,1925,chess-babe3,1919,2019.05.01,Rated Classical game,c4,Classical,Wednesday
NK3,1844,rodeo,1791,2019.05.01,Rated Rapid game,e4,Rapid,Wednesday
Barros1,1468,abdoz,1491,2019.05.01,Rated Classical game,Nf3,Classical,Wednesday
dnz2010,1377,sirador0212,1378,2019.05.01,Rated Blitz game,d4,Blitz,Wednesday
Khaled13,1478,Daniel189,1501,2019.05.01,Rated Blitz game,e4,Blitz,Wednesday
ashishkapadia,1337,ermrod,1315,2019.05.01,Rated Bullet game,e4,Bullet,Wednesday
Gartusso,1160,sid_chess_learner,1150,2019.05.01,Rated Blitz game,d4,Blitz,Wednesday
marlam,942,eyadad,899,2019.05.01,Rated Blitz game,c4,Blitz,Wednesday
elvisbird,1339,Catenaccio451,1366,2019.05.01,Rated Bullet game,d4,Bullet,Wednesday
gungorkeles,1269,DionCoca,1301,2019.05.01,Rated Blitz game,e4,Blitz,Wednesday
JLove31,1557,cibss,1539,2019.05.01,Rated Classical game,e4,Classical,Wednesday
twoshot60,1613,EvertonLiborio,1614,2019.05.01,Rated Classical game,e4,Classical,Wednesday
p-wnattack,2084,tgb00,1837,2019.05.01,Rated Rapid game,e4,Rapid,Wednesday
honeyalwar,1296,Dragonson,1303,2019.05.01,Rated Bullet game,e4,Bullet,Wednesday
Pharmaton,1896,jaydeep,1942,2019.05.01,Rated Blitz game,d4,Blitz,Wednesday
Clear0,1137,A7medhakim,1255,2019.05.01,Rated Classical game,d4,Classical,Wednesday
boygenny,1117,DSEG10,1124,2019.05.01,Rated Classical game,e4,Classical,Wednesday
Olympus_Mons,1581,plosique,1544,2019.05.01,Rated Blitz game,e4,Blitz,Wednesday
Artlncln66,1088,dmayo88,985,2019.05.01,Rated Bullet game,Nf3,Bullet,Wednesday
ArfansMenemukanCinta,2001,DewiTasya1995,800,2019.05.01,Rated Blitz tournament https://lichess.org/tournament/3W7gysWJ,d4,Blitz,Wednesday
eaglef2,1198,DuduTaguatinguense,1216,2019.05.01,Rated Rapid game,d4,Rapid,Wednesday
WeDaChris,1905,hilmi_271083,1821,2019.05.01,Rated Blitz game,e4,Blitz,Wednesday
daniel891030,1003,palacios-9823,979,2019.05.01,Rated Blitz game,d4,Blitz,Wednesday
mohamad17003,1453,Theoden52,1426,2019.05.01,Rated Bullet game,d4,Bullet,Wednesday
dcgcs,1650,Chansen,1679,2019.05.01,Rated Rapid game,e4,Rapid,Wednesday
MisterMute,1989,emcor,1769,2019.05.01,Rated Blitz game,d4,Blitz,Wednesday
Nevermore12,1318,odarroyo,1332,2019.05.01,Rated Bullet game,e4,Bullet,Wednesday
Sub-Zero_Classic,1860,XBoru,1829,2019.05.01,Rated Blitz game,d4,Blitz,Wednesday
Rex_Sap,1344,manmathan,1324,2019.05.01,Rated Rapid game,d4,Rapid,Wednesday
Ankush101,1684,neebh5,1681,2019.05.01,Rated Blitz game,d4,Blitz,Wednesday
FaridDesso,1287,Gsu-4,1440,2019.05.01,Rated Bullet game,c4,Bullet,Wednesday
xtreamz,1191,SojournerTruth4Real,985,2019.05.01,Rated Blitz tournament https://lichess.org/tournament/xzh3jCGN,e4,Blitz,Wednesday
Nezhmet,1119,tyidi,1127,2019.05.01,Rated Blitz game,b4,Blitz,Wednesday
Haroldbarnken,1608,rmeitei,1567,2019.05.01,Rated Rapid game,d4,Rapid,Wednesday
Ohnizez,1033,Milan18,970,2019.05.01,Rated Blitz game,e4,Blitz,Wednesday
BigChessBoyRoy,904,ritwikm,926,2019.05.01,Rated Blitz game,e4,Blitz,Wednesday
Eduardo_Takeuchi,1191,dfish,1182,2019.05.01,Rated Bullet game,c3,Bullet,Wednesday
DoktorDurex,803,KOMODORO,866,2019.05.01,Rated Blitz game,e4,Blitz,Wednesday
idk2000,1591,VercPaul,1615,2019.05.01,Rated Classical game,d4,Classical,Wednesday
matvey474,1281,crowmax,1319,2019.05.01,Rated Blitz game,d4,Blitz,Wednesday
imaginative-gazelle,1262,Hookflash,1581,2019.05.01,Rated Bullet game,e4,Bullet,Wednesday
egelasco,1311,davidccsilva,1288,2019.05.01,Rated Blitz game,d4,Blitz,Wednesday
ben1996123,1809,tjw4343,1826,2019.05.01,Rated Bullet game,e4,Bullet,Wednesday
ABD96,1245,Palma23,1236,2019.05.01,Rated Blitz game,e4,Blitz,Wednesday
Dawabe,2020,Ajedrez_Practico,1830,2019.05.01,Rated Rapid game,d4,Rapid,Wednesday
Darkknight200,1308,bujusus,1290,2019.05.01,Rated Bullet game,g3,Bullet,Wednesday
didi1,1667,emo22,1659,2019.05.01,Rated Blitz game,e4,Blitz,Wednesday
CCapivara,2189,kleber27,2097,2019.05.01,Rated Rapid game,d4,Rapid,Wednesday
bagualon,1306,Zhylko,1335,2019.05.01,Rated Blitz game,e4,Blitz,Wednesday
Rauan202,1615,pollystina,1650,2019.05.01,Rated Classical game,d4,Classical,Wednesday
SamirHaikal,1512,mojicaaaa,1449,2019.05.01,Rated Classical game,e4,Classical,Wednesday
Fluke_Artist,1322,cevo36,1424,2019.05.01,Rated Bullet game,e4,Bullet,Wednesday
tacoChess,1696,sxakisto,1674,2019.05.01,Rated Classical game,e4,Classical,Wednesday
Popped,1070,chetanator,1085,2019.05.01,Rated Bullet game,e4,Bullet,Wednesday
dyoanu,1421,AdrianZarate,1450,2019.05.01,Rated Rapid game,e4,Rapid,Wednesday
un_etudiant,1552,rybka777,1594,2019.05.01,Rated Classical game,c4,Classical,Wednesday
Phieyl,978,Koluvahn,977,2019.05.01,Rated Bullet game,e4,Bullet,Wednesday
JerryMungo,2195,DaviatorGM,2042,2019.05.01,Rated Blitz game,e4,Blitz,Wednesday
VBlueNeo,1299,Marlon2525,1282,2019.05.01,Rated Blitz game,e4,Blitz,Wednesday
ThirdAmendment,1427,SkippyLives,1360,2019.05.01,Rated Classical game,e4,Classical,Wednesday
HenryBourbon,1542,RodrigoMoraes,1606,2019.05.01,Rated Rapid game,e4,Rapid,Wednesday
mehhhh,936,lionelidas,958,2019.05.01,Rated Rapid game,e4,Rapid,Wednesday
TorqueyJ,1589,jhwnzky_06,1618,2019.05.01,Rated Bullet game,e4,Bullet,Wednesday
YellowCerberus,1223,dtoledo,1219,2019.05.01,Rated Classical game,e4,Classical,Wednesday
pekisoni84,1102,akash1395,1184,2019.05.01,Rated Bullet game,e4,Bullet,Wednesday
friedpickle,1166,yourdisstrack,1081,2019.05.01,Rated Bullet game,e4,Bullet,Wednesday
NOQUEENNEEDED,1101,SuperNerd22,1124,2019.05.01,Rated Blitz tournament https://lichess.org/tournament/Yqy59ibY,e4,Blitz,Wednesday
rafiquito,1045,locus_au,1101,2019.05.01,Rated Bullet game,e4,Bullet,Wednesday
saragg,1125,Steelhere,1064,2019.05.01,Rated Classical game,d4,Classical,Wednesday
agadyrskii,1212,Neurathalon,1169,2019.05.01,Rated Bullet game,d4,Bullet,Wednesday
Crimson_Queen,1854,bleeman,1875,2019.05.01,Rated Rapid game,e3,Rapid,Wednesday
MarcosACapistran,1836,migue6,1791,2019.05.01,Rated Blitz game,e4,Blitz,Wednesday
MarcusPassedPhysics,1807,Jintz,1829,2019.05.01,Rated Bullet game,Nf3,Bullet,Wednesday
Region_38,1440,Wesdrasb,1431,2019.05.01,Rated Rapid game,e4,Rapid,Wednesday
NxVil,1300,Nilo_Nightbreeze,1312,2019.05.01,Rated Classical game,e3,Classical,Wednesday
Lovekstase,1398,sylviohenry,1511,2019.05.01,Rated Blitz game,d4,Blitz,Wednesday
martin21,2120,habergara,1811,2019.05.01,Rated Classical game,e4,Classical,Wednesday
VBlueNeo,1412,CheckMate57,1435,2019.05.01,Rated Blitz game,d4,Blitz,Wednesday
retrixs,1010,chessguillo,978,2019.05.01,Rated Bullet game,e4,Bullet,Wednesday
yeaes,1384,MarinoniGrande,1372,2019.05.01,Rated Blitz game,d4,Blitz,Wednesday
FariaIg0206,1330,Jaiysun4,1302,2019.05.01,Rated Rapid game,d4,Rapid,Wednesday
iici,1790,MAHMOUDATYAH,1874,2019.05.01,Rated Classical game,e4,Classical,Wednesday
RicardoKarpov,1610,Neuro_Voyager,1388,2019.05.01,Rated Blitz game,d4,Blitz,Wednesday
nitin_chess,1533,rewerty,1520,2019.05.01,Rated Classical game,d4,Classical,Wednesday
ridwan97,1500,TheMrWhink,1500,2019.05.01,Rated Classical game,Nh3,Classical,Wednesday
geniuschess1994,1710,ded03,1663,2019.05.01,Rated Blitz game,d4,Blitz,Wednesday
Nino67,2164,yohanborges,2264,2019.05.01,Rated Blitz game,e4,Blitz,Wednesday
Swapnil21,1656,Daniel-Kasparov,1695,2019.05.01,Rated Classical game,e4,Classical,Wednesday
M_Hariom,1346,rikudor,1391,2019.05.01,Rated Blitz tournament https://lichess.org/tournament/Yqy59ibY,e4,Blitz,Wednesday
aknori,1083,palufemio,1077,2019.05.01,Rated Blitz game,d4,Blitz,Wednesday
Renatomsousa,1591,Modestlobster,1581,2019.05.01,Rated Rapid game,e4,Rapid,Wednesday
Phanos45s,1123,teambeef,1102,2019.05.01,Rated Blitz game,d4,Blitz,Wednesday
DrowningPawn,2248,Tsovnoog,2199,2019.05.01,Rated Bullet game,d4,Bullet,Wednesday
Dortmund2010,2060,ekoirjayanto,1569,2019.05.01,Rated Blitz tournament https://lichess.org/tournament/3W7gysWJ,Nf3,Blitz,Wednesday
akounkes,1330,OneManArmy41,1308,2019.05.01,Rated Rapid game,g3,Rapid,Wednesday
cg7214,1183,BarKneee,1303,2019.05.01,Rated Classical game,e4,Classical,Wednesday
Miss_Evi,1456,cmlima,1631,2019.05.01,Rated Blitz game,e4,Blitz,Wednesday
Dth20k,1104,btbwood87,1051,2019.05.01,Rated Blitz game,e4,Blitz,Wednesday
NotAHuman,1582,SteveXD,1555,2019.05.01,Rated Classical game,e4,Classical,Wednesday
jivantmg27,1020,queoro,1086,2019.05.01,Rated Blitz game,e4,Blitz,Wednesday
PDrDQHieu95,1816,ultravires,1695,2019.05.01,Rated Rapid game,Nf3,Rapid,Wednesday
paiva86,1103,sasuke87,1038,2019.05.01,Rated Blitz game,e4,Blitz,Wednesday
michaelagung1109,2132,justplaychess96,2080,2019.05.01,Rated Blitz game,d4,Blitz,Wednesday
eburakozkann,1180,showmeyourchess,1267,2019.05.01,Rated Bullet game,e4,Bullet,Wednesday
templar33,1160,Spray6,1039,2019.05.01,Rated Bullet game,Nf3,Bullet,Wednesday
TWillums,1357,titoamira,1334,2019.05.01,Rated Blitz game,e4,Blitz,Wednesday
alexkiddo,1152,boygenny,1144,2019.05.01,Rated Classical game,e4,Classical,Wednesday
Teaganwells,1428,reynoso,1277,2019.05.01,Rated Rapid game,e4,Rapid,Wednesday
Eduardo_falcao_zika,1108,jacobhrussell,1177,2019.05.01,Rated Blitz game,c4,Blitz,Wednesday
zZirving-_-Zz,1172,TwiKnight,859,2019.05.01,Rated Blitz tournament https://lichess.org/tournament/Yqy59ibY,d4,Blitz,Wednesday
chesskien,1458,chicao1985,1414,2019.05.01,Rated Classical game,d4,Classical,Wednesday
MajorWarren,1427,oeps,1890,2019.05.01,Rated Bullet game,e4,Bullet,Wednesday
Niix,1615,Thebigusy,1729,2019.05.01,Rated Classical game,e4,Classical,Wednesday
lagmazzi,1608,AutismPride,1626,2019.05.01,Rated Blitz game,d4,Blitz,Wednesday
MetaMeta,1128,Mdellantonio02,1019,2019.05.01,Rated Blitz game,d4,Blitz,Wednesday
Pablo_MN,1752,samckp,1766,2019.05.01,Rated Blitz game,Nf3,Blitz,Wednesday
RinkoChan,1637,Battlefield64,1650,2019.05.01,Rated Blitz game,f3,Blitz,Wednesday
kann2014,1304,vtc777,1228,2019.05.01,Rated Rapid game,e4,Rapid,Wednesday
csowerby,1504,same7nakash,1500,2019.05.01,Rated Classical game,Nc3,Classical,Wednesday
pyreflies,1742,bilgolberth,1793,2019.05.01,Rated Bullet game,d4,Bullet,Wednesday
luanaredes,1410,benpayet,1412,2019.05.01,Rated Classical game,d4,Classical,Wednesday
VovaVodka,1197,ropkv9,1236,2019.05.01,Rated Blitz game,d4,Blitz,Wednesday
koke1008,1083,yorke,1219,2019.05.01,Rated Blitz game,e4,Blitz,Wednesday
dnowmects,1968,naturalright,2038,2019.05.01,Rated Blitz game,d3,Blitz,Wednesday
TheDonagni,1316,PabloMatamoros4,1320,2019.05.01,Rated Blitz game,e4,Blitz,Wednesday
akm_reddy,1470,b1-tch_shop,1480,2019.05.01,Rated Blitz game,d4,Blitz,Wednesday
MrGambito,1529,Jorge1996,1536,2019.05.01,Rated Blitz game,e4,Blitz,Wednesday
BryanEgbert,1346,ivan-nob,1314,2019.05.01,Rated Classical game,e4,Classical,Wednesday
DTalavera,2301,NB4,2423,2019.05.01,Rated Bullet game,d4,Bullet,Wednesday
OrugaOlga,962,chetanator,1091,2019.05.01,Rated Bullet game,e4,Bullet,Wednesday
Ochum,1880,Achelous1,1861,2019.05.01,Rated Blitz game,e4,Blitz,Wednesday
AcostaSC,1863,joker-anonymous,1683,2019.05.01,Rated Bullet tournament https://lichess.org/tournament/8tAYgKUQ,e4,Bullet,Wednesday
ZeuqirneH,2030,Gatorgg,2107,2019.05.01,Rated Blitz game,e4,Blitz,Wednesday
Radek31,1102,janelaspretas,823,2019.05.01,Rated Blitz game,d4,Blitz,Wednesday
ibnelshaykh_ehab,1277,One_Timex2,1238,2019.05.01,Rated Classical game,e3,Classical,Wednesday
bluetree71,1243,FilipeRbk,1213,2019.05.01,Rated Bullet game,e4,Bullet,Wednesday
MetaMeta,1135,adasen,1204,2019.05.01,Rated Blitz game,e4,Blitz,Wednesday
p4dbnu,1099,Navarro03,1114,2019.05.01,Rated Blitz tournament https://lichess.org/tournament/kLlVvIBg,e4,Blitz,Wednesday
SyedJibran,1552,fulesp,1532,2019.05.01,Rated Rapid game,e4,Rapid,Wednesday
alfredmac,1717,adamstrange,1646,2019.05.01,Rated Rapid game,e4,Rapid,Wednesday
Amirali19850,1341,mottabr,1235,2019.05.01,Rated Rapid game,d4,Rapid,Wednesday
krish466,1514,cocal49,1518,2019.05.01,Rated Blitz tournament https://lichess.org/tournament/kLlVvIBg,e4,Blitz,Wednesday
MateusSantos,1516,khalishnazhan,1346,2019.05.01,Rated Rapid tournament https://lichess.org/tournament/klFc7Llv,d4,Rapid,Wednesday
tyrannosauruz,913,naratito,953,2019.05.01,Rated Blitz game,e4,Blitz,Wednesday
kamudhar,900,chetanator,1102,2019.05.01,Rated Bullet game,e4,Bullet,Wednesday
TheLoBok,1258,kidwiz0101,1258,2019.05.01,Rated Bullet game,e4,Bullet,Wednesday
Turgueniev,1579,Xyanthos,1582,2019.05.01,Rated Blitz game,e4,Blitz,Wednesday
Mario-Rx,1923,DaViDaRsOn,1835,2019.05.01,Rated Classical game,e4,Classical,Wednesday
sarojpawn111,1726,Artifice7,1731,2019.05.01,Rated Blitz game,Nf3,Blitz,Wednesday
dante21w,1959,shirly,1876,2019.05.01,Rated Blitz tournament https://lichess.org/tournament/cys6szAs,c4,Blitz,Wednesday
daddyjt1998,1316,Hamada-Nasr,1158,2019.05.01,Rated Blitz game,c4,Blitz,Wednesday
bpremchander,1340,my300men,1303,2019.05.01,Rated Rapid game,e4,Rapid,Wednesday
zai00205,1267,Fearicae,1276,2019.05.01,Rated Blitz game,c4,Blitz,Wednesday
AndersonKoala,1169,phgervasi,1178,2019.05.01,Rated Classical game,a3,Classical,Wednesday
real_manbearpig,1590,skywalker100,1554,2019.05.01,Rated Rapid game,e4,Rapid,Wednesday
dKoco,1541,ultraberto,1583,2019.05.01,Rated Rapid game,e4,Rapid,Wednesday
lautikz,1103,alandpost,1278,2019.05.01,Rated Blitz game,d4,Blitz,Wednesday
Apyr,1635,tattiostspb,1637,2019.05.01,Rated Blitz game,d4,Blitz,Wednesday
Mister_Fahrenheit,1866,khaledkh91,1868,2019.05.01,Rated Classical game,e4,Classical,Wednesday
szymonsos,1474,AliadoJedi,1501,2019.05.01,Rated Rapid game,e4,Rapid,Wednesday
aamendes,1657,Smoov-E,1734,2019.05.01,Rated Blitz game,d4,Blitz,Wednesday
Gibbilo,1058,TWARchong,1160,2019.05.01,Rated Bullet game,Nh3,Bullet,Wednesday
gsaibabu,1763,tapos,1624,2019.05.01,Rated Rapid game,d4,Rapid,Wednesday
sophie3,1974,Nimzyz,1910,2019.05.01,Rated Bullet game,d4,Bullet,Wednesday
Aiks,1565,hatmah,1544,2019.05.01,Rated Blitz game,e4,Blitz,Wednesday
jurnier,1500,vitoroliveirars,1835,2019.05.01,Rated Rapid game,d4,Rapid,Wednesday
EddySam,1611,chess_daus,1588,2019.05.01,Rated Classical game,e4,Classical,Wednesday
djc367,1636,claudiio62,1669,2019.05.01,Rated Classical game,e4,Classical,Wednesday
GravitysRainbow,1461,redMD13,1547,2019.05.01,Rated Blitz game,e4,Blitz,Wednesday
marqizio,1127,diegodpr1,1101,2019.05.01,Rated Blitz game,e4,Blitz,Wednesday
Viruta,1853,Prakhar93,1893,2019.05.01,Rated Bullet game,e4,Bullet,Wednesday
kapilpsg,1458,Gasda-Kayaks,1482,2019.05.01,Rated Bullet game,d3,Bullet,Wednesday
josueantuneschess,1302,Shargon,1284,2019.05.01,Rated Rapid game,e4,Rapid,Wednesday
RF2007x,1664,Fler,1689,2019.05.01,Rated Rapid game,d4,Rapid,Wednesday
yeaes,1450,DrMetzgermeister,1437,2019.05.01,Rated Blitz game,d4,Blitz,Wednesday
jaybird922,1611,as_at,1628,2019.05.01,Rated Classical game,e4,Classical,Wednesday
Daniel1064,1375,xtine88,1310,2019.05.01,Rated Rapid game,e4,Rapid,Wednesday
puredepapa3,1625,yonimeacuerdo,1607,2019.05.01,Rated Rapid game,d4,Rapid,Wednesday
u914013,1916,Shuay,1779,2019.05.01,Rated Bullet game,e4,Bullet,Wednesday
TonyR011,1376,rudy941,1390,2019.05.01,Rated Rapid game,e4,Rapid,Wednesday
rodtl,1755,panlasko,1899,2019.05.01,Rated Blitz game,e4,Blitz,Wednesday
Milan9990,1339,montainne,1299,2019.05.01,Rated Rapid game,e4,Rapid,Wednesday
diegors1,990,lLibertusl,850,2019.05.01,Rated Blitz game,Nf3,Blitz,Wednesday
tchakh,1272,mohammedarrami,2416,2019.05.01,Rated Blitz game,e4,Blitz,Wednesday
sasuke87,1030,AamerAnwer,1010,2019.05.01,Rated Blitz game,d4,Blitz,Wednesday
Dortmund2010,2127,DewiTasya1995,1179,2019.05.01,Rated Blitz tournament https://lichess.org/tournament/3W7gysWJ,d4,Blitz,Wednesday
Berna016,1087,GreyWhite424,1016,2019.05.01,Rated Blitz game,e4,Blitz,Wednesday
me_sha,1450,LucasMarques21,1341,2019.05.01,Rated Blitz game,c4,Blitz,Wednesday
chuckwenzler,1350,omarnoor,1192,2019.05.01,Rated Blitz game,e4,Blitz,Wednesday
TwiKnight,920,NOQUEENNEEDED,1143,2019.05.01,Rated Blitz tournament https://lichess.org/tournament/Yqy59ibY,d4,Blitz,Wednesday
navab68,1527,kenkz,1692,2019.05.01,Rated Classical game,e4,Classical,Wednesday
Mrbryanrage,1102,joeboff,1089,2019.05.01,Rated Blitz game,d4,Blitz,Wednesday
masoodomidian,1810,Not_Chinese,1870,2019.05.01,Rated Rapid game,d4,Rapid,Wednesday
